cnae;descripcion;puntuacion;motivo
111;Cultivo de cereales (excepto arroz), leguminosas y semillas oleaginosas;2;Riesgo bajo, ya que se trata de cultivos sin procesos industriales significativos.
112;Cultivo de arroz;2;Riesgo bajo, el cultivo de arroz no implica vertidos significativos.
113;Cultivo de hortalizas, raíces y tubérculos;2;Riesgo bajo, se trata de cultivos sin procesos industriales relevantes.
114;Cultivo de caña de azúcar;2;Riesgo bajo, el cultivo de caña de azúcar no genera vertidos industriales.
115;Cultivo de tabaco;2;Riesgo bajo, el cultivo de tabaco no implica procesos con riesgo de vertido.
116;Cultivo de plantas para fibras textiles;2;Riesgo bajo, el cultivo de plantas para fibras tiene poco riesgo de vertidos.
119;Otros cultivos no perennes;2;Riesgo bajo, se trata de cultivos no perennes sin actividades industriales.
121;Cultivo de la vid;2;Riesgo bajo, el cultivo de la vid no genera vertidos industriales importantes.
122;Cultivo de frutos tropicales y subtropicales;2;Riesgo bajo, el cultivo de frutos tropicales no implica vertidos significativos.
123;Cultivo de cítricos;2;Riesgo bajo, los cultivos de cítricos no generan vertidos industriales.
124;Cultivo de frutos con hueso y pepitas;2;Riesgo bajo, el cultivo de frutos con hueso no implica procesos industriales.
125;Cultivo de otros árboles y arbustos frutales y frutos secos;2;Riesgo bajo, el cultivo de árboles frutales tiene poco riesgo de vertidos.
126;Cultivo de frutos oleaginosos;2;Riesgo bajo, el cultivo de frutos oleaginosos no genera vertidos peligrosos.
127;Cultivo de plantas para bebidas;2;Riesgo bajo, el cultivo de plantas para bebidas no consuma procesos peligrosos.
128;Cultivo de especias, plantas aromáticas, medicinales y farmacéuticas;2;Riesgo bajo, el cultivo de especias no implica vertidos industriales significativos.
129;Otros cultivos perennes;2;Riesgo bajo, otros cultivos perennes no generan riesgos de vertido.
130;Propagación de plantas;2;Riesgo bajo, la propagación de plantas no genera vertidos peligrosos.
141;Explotación de ganado bovino para la producción de leche;6;Riesgo medio, la explotación de ganado para leche puede generar residuos.
142;Explotación de otro ganado bovino y búfalos;6;Riesgo medio, la explotación de ganado bovino puede generar vertidos relacionados.
143;Explotación de caballos y otros equinos;2;Riesgo bajo, la explotación de caballos no implica vertidos industriales.
144;Explotación de camellos y otros camélidos;2;Riesgo bajo, la explotación de camellos no genera vertidos significativos.
145;Explotación de ganado ovino y caprino;2;Riesgo bajo, la explotación de ganado ovino y caprino no implica riesgos altos.
146;Explotación de ganado porcino;4;Riesgo medio-bajo debido a la necesidad de manejo de residuos orgánicos.
146;Explotación de ganado porcino;4;Riesgo medio-bajo debido a la necesidad de manejo de residuos orgánicos.
147;Avicultura;4;Riesgo medio-bajo por el manejo de residuos avícolas.
149;Otras explotaciones de ganado;4;Riesgo medio-bajo al involucrar diversas explotaciones ganaderas.
150;Producción agrícola combinada con la producción ganadera;4;Riesgo medio-bajo por la integración de procesos agrícolas y ganaderos.
161;Actividades de apoyo a la agricultura;2;Riesgo bajo, ya que son actividades de apoyo sin manipulación directa de productos químicos.
162;Actividades de apoyo a la ganadería;2;Riesgo bajo, actividades de apoyo a la ganadería sin generación significativa de vertidos.
163;Actividades de preparación posterior a la cosecha;2;Riesgo bajo, actividades de preparación sin manejo de productos peligrosos.
163;Actividades de preparación posterior a la cosecha;2;Riesgo bajo, actividades de preparación sin manejo de productos peligrosos.
163;Actividades de preparación posterior a la cosecha;2;Riesgo bajo, actividades de preparación sin manejo de productos peligrosos.
164;Tratamiento de semillas para reproducción;4;Riesgo medio-bajo, tratamientos que pueden involucrar productos químicos.
164;Tratamiento de semillas para reproducción;4;Riesgo medio-bajo, tratamientos que pueden involucrar productos químicos.
164;Tratamiento de semillas para reproducción;4;Riesgo medio-bajo, tratamientos que pueden involucrar productos químicos.
164;Tratamiento de semillas para reproducción;4;Riesgo medio-bajo, tratamientos que pueden involucrar productos químicos.
164;Tratamiento de semillas para reproducción;4;Riesgo medio-bajo, tratamientos que pueden involucrar productos químicos.
170;Caza, captura de animales y servicios relacionados con las mismas;2;Riesgo bajo, caza relacionada sin implicaciones significativas de vertidos.
170;Caza, captura de animales y servicios relacionados con las mismas;2;Riesgo bajo, caza relacionada sin implicaciones significativas de vertidos.
170;Caza, captura de animales y servicios relacionados con las mismas;2;Riesgo bajo, caza relacionada sin implicaciones significativas de vertidos.
210;Silvicultura y otras actividades forestales;2;Riesgo bajo, actividades forestales con poco contacto con productos contaminantes.
210;Silvicultura y otras actividades forestales;2;Riesgo bajo, actividades forestales con poco contacto con productos contaminantes.
220;Explotación de la madera;4;Riesgo medio-bajo debido al manejo de residuos madereros.
230;Recolección de productos silvestres, excepto madera;2;Riesgo bajo, recolección de productos silvestres sin manipulación significativa.
230;Recolección de productos silvestres, excepto madera;2;Riesgo bajo, recolección de productos silvestres sin manipulación significativa.
230;Recolección de productos silvestres, excepto madera;2;Riesgo bajo, recolección de productos silvestres sin manipulación significativa.
240;Servicios de apoyo a la silvicultura;2;Riesgo bajo, servicios de apoyo a la silvicultura sin generación de residuos peligrosos.
240;Servicios de apoyo a la silvicultura;2;Riesgo bajo, servicios de apoyo a la silvicultura sin generación de residuos peligrosos.
311;Pesca marina;4;Riesgo medio-bajo por el manejo de residuos generados en la pesca.
312;Pesca en agua dulce;4;Riesgo medio-bajo por el manejo de residuos generados en la pesca.
321;Acuicultura marina;4;Riesgo medio-bajo por el manejo de residuos generados en la acuicultura.
322;Acuicultura en agua dulce;4;Riesgo medio-bajo por el manejo de residuos generados en la acuicultura.
322;Acuicultura en agua dulce;6;La acuicultura puede generar vertidos que afecten la calidad del agua.
510;Extracción de antracita y hulla;10;La extracción de carbón puede generar residuos peligrosos y contaminantes.
510;Extracción de antracita y hulla;10;La extracción de carbón puede generar residuos peligrosos y contaminantes.
510;Extracción de antracita y hulla;10;La extracción de carbón puede generar residuos peligrosos y contaminantes.
520;Extracción de lignito;10;La extracción de lignito puede conllevar riesgos de contaminación significativa.
610;Extracción de crudo de petróleo;10;La extracción de petróleo puede provocar vertidos altamente contaminantes.
620;Extracción de gas natural;10;La extracción de gas natural puede implicar fugas y riesgo de contaminación.
710;Extracción de minerales de hierro;8;La extracción de minerales de hierro puede causar residuos y contaminación.
721;Extracción de minerales de uranio y torio;10;La extracción de minerales radiactivos conlleva riesgos ambientales altos.
729;Extracción de otros minerales metálicos no férreos;8;La extracción de minerales metálicos puede generar residuos peligrosos.
729;Extracción de otros minerales metálicos no férreos;8;La extracción de minerales metálicos puede generar residuos peligrosos.
729;Extracción de otros minerales metálicos no férreos;8;La extracción de minerales metálicos puede generar residuos peligrosos.
811;Extracción de piedra ornamental y para la construcción, piedra caliza, yeso, creta y pizarra;6;La extracción de piedra puede generar sedimentación y impacto ambiental.
811;Extracción de piedra ornamental y para la construcción, piedra caliza, yeso, creta y pizarra;6;La extracción de piedra puede generar sedimentación y impacto ambiental.
811;Extracción de piedra ornamental y para la construcción, piedra caliza, yeso, creta y pizarra;6;La extracción de piedra puede generar sedimentación y impacto ambiental.
811;Extracción de piedra ornamental y para la construcción, piedra caliza, yeso, creta y pizarra;6;La extracción de piedra puede generar sedimentación y impacto ambiental.
811;Extracción de piedra ornamental y para la construcción, piedra caliza, yeso, creta y pizarra;6;La extracción de piedra puede generar sedimentación y impacto ambiental.
811;Extracción de piedra ornamental y para la construcción, piedra caliza, yeso, creta y pizarra;6;La extracción de piedra puede generar sedimentación y impacto ambiental.
811;Extracción de piedra ornamental y para la construcción, piedra caliza, yeso, creta y pizarra;6;La extracción de piedra puede generar sedimentación y impacto ambiental.
812;Extracción de gravas y arenas, extracción de arcilla y caolín;8;La extracción de gravas y arenas puede provocar erosión y contaminación del agua.
812;Extracción de gravas y arenas, extracción de arcilla y caolín;8;La extracción de gravas y arenas puede provocar erosión y contaminación del agua.
812;Extracción de gravas y arenas, extracción de arcilla y caolín;8;La extracción de gravas y arenas puede provocar erosión y contaminación del agua.
891;Extracción de minerales para productos químicos y fertilizantes;10;La extracción de minerales para productos químicos puede generar residuos peligrosos.
891;Extracción de minerales para productos químicos y fertilizantes;10;La extracción de minerales para productos químicos puede generar residuos peligrosos.
891;Extracción de minerales para productos químicos y fertilizantes;10;La extracción de minerales para productos químicos puede generar residuos peligrosos.
891;Extracción de minerales para productos químicos y fertilizantes;10;La extracción de minerales para productos químicos puede generar residuos peligrosos.
891;Extracción de minerales para productos químicos y fertilizantes;10;La extracción de minerales para productos químicos puede generar residuos peligrosos.
892;Extracción de turba;6;La extracción de turba puede impactar en la calidad del agua.
893;Extracción de sal;8;La extracción de sal puede generar efectos negativos en el medio ambiente.
893;Extracción de sal;8;La extracción de sal puede generar efectos negativos en el medio ambiente.
899;Otras industrias extractivas n.c.o.p.;8;Actividades extractivas suelen generar vertidos de residuos y contaminantes.
899;Otras industrias extractivas n.c.o.p.;8;Actividades extractivas suelen generar vertidos de residuos y contaminantes.
910;Actividades de apoyo a la extracción de petróleo y gas natural;10;Apoyo a extracción de petróleo y gas puede involucrar vertidos peligrosos.
910;Actividades de apoyo a la extracción de petróleo y gas natural;10;Apoyo a extracción de petróleo y gas puede involucrar vertidos peligrosos.
990;Actividades de apoyo a otras industrias extractivas;6;Actividades de apoyo a industrias extractivas pueden generar residuos contaminantes.
990;Actividades de apoyo a otras industrias extractivas;6;Actividades de apoyo a industrias extractivas pueden generar residuos contaminantes.
990;Actividades de apoyo a otras industrias extractivas;6;Actividades de apoyo a industrias extractivas pueden generar residuos contaminantes.
990;Actividades de apoyo a otras industrias extractivas;6;Actividades de apoyo a industrias extractivas pueden generar residuos contaminantes.
990;Actividades de apoyo a otras industrias extractivas;6;Actividades de apoyo a industrias extractivas pueden generar residuos contaminantes.
990;Actividades de apoyo a otras industrias extractivas;6;Actividades de apoyo a industrias extractivas pueden generar residuos contaminantes.
990;Actividades de apoyo a otras industrias extractivas;6;Actividades de apoyo a industrias extractivas pueden generar residuos contaminantes.
990;Actividades de apoyo a otras industrias extractivas;6;Actividades de apoyo a industrias extractivas pueden generar residuos contaminantes.
990;Actividades de apoyo a otras industrias extractivas;6;Actividades de apoyo a industrias extractivas pueden generar residuos contaminantes.
990;Actividades de apoyo a otras industrias extractivas;6;Actividades de apoyo a industrias extractivas pueden generar residuos contaminantes.
990;Actividades de apoyo a otras industrias extractivas;6;Actividades de apoyo a industrias extractivas pueden generar residuos contaminantes.
990;Actividades de apoyo a otras industrias extractivas;6;Actividades de apoyo a industrias extractivas pueden generar residuos contaminantes.
990;Actividades de apoyo a otras industrias extractivas;6;Actividades de apoyo a industrias extractivas pueden generar residuos contaminantes.
990;Actividades de apoyo a otras industrias extractivas;6;Actividades de apoyo a industrias extractivas pueden generar residuos contaminantes.
990;Actividades de apoyo a otras industrias extractivas;6;Actividades de apoyo a industrias extractivas pueden generar residuos contaminantes.
990;Actividades de apoyo a otras industrias extractivas;6;Actividades de apoyo a industrias extractivas pueden generar residuos contaminantes.
990;Actividades de apoyo a otras industrias extractivas;6;Actividades de apoyo a industrias extractivas pueden generar residuos contaminantes.
990;Actividades de apoyo a otras industrias extractivas;8;Las actividades de apoyo a industrias extractivas pueden generar vertidos con sustancias contaminantes.
990;Actividades de apoyo a otras industrias extractivas;8;Las actividades de apoyo a industrias extractivas pueden generar vertidos con sustancias contaminantes.
990;Actividades de apoyo a otras industrias extractivas;8;Las actividades de apoyo a industrias extractivas pueden generar vertidos con sustancias contaminantes.
1011;Procesado y conservación de carne;6;El procesado y conservación de carne genera subproductos y residuos potencialmente contaminantes.
1011;Procesado y conservación de carne;6;El procesado y conservación de carne genera subproductos y residuos potencialmente contaminantes.
1012;Procesado y conservación de volatería;6;El procesado de volatería puede generar residuos orgánicos y desechos contaminantes.
1013;Elaboración de productos cárnicos y de volatería;6;La elaboración de productos cárnicos puede generar vertidos contaminantes debido a su naturaleza.
1021;Procesado de pescados, crustáceos y moluscos;6;El procesado de pescados, crustáceos y moluscos genera residuos que pueden contaminar el agua.
1021;Procesado de pescados, crustáceos y moluscos;6;El procesado de pescados, crustáceos y moluscos genera residuos que pueden contaminar el agua.
1022;Fabricación de conservas de pescado;6;La fabricación de conservas de pescado puede generar residuos y vertidos contaminantes.
1031;Procesado y conservación de patatas;4;El procesado y conservación de patatas genera residuos, pero menos contaminantes.
1032;Elaboración de zumos de frutas y hortalizas;4;La elaboración de zumos de frutas y hortalizas puede generar algunos desechos, pero es de riesgo medio-bajo.
1032;Elaboración de zumos de frutas y hortalizas;4;La elaboración de zumos de frutas y hortalizas puede generar algunos desechos, pero es de riesgo medio-bajo.
1039;Otro procesado y conservación de frutas y hortalizas;4;El procesado y conservación de frutas y hortalizas tiene un riesgo bajo de generar vertidos contaminantes.
1039;Otro procesado y conservación de frutas y hortalizas;4;El procesado y conservación de frutas y hortalizas tiene un riesgo bajo de generar vertidos contaminantes.
1039;Otro procesado y conservación de frutas y hortalizas;4;El procesado y conservación de frutas y hortalizas tiene un riesgo bajo de generar vertidos contaminantes.
1039;Otro procesado y conservación de frutas y hortalizas;4;El procesado y conservación de frutas y hortalizas tiene un riesgo bajo de generar vertidos contaminantes.
1039;Otro procesado y conservación de frutas y hortalizas;4;El procesado y conservación de frutas y hortalizas tiene un riesgo bajo de generar vertidos contaminantes.
1042;Fabricación de margarina y grasas comestibles similares;6;La fabricación de margarina y grasas puede generar residuos con potencial de contaminación.
1043;Fabricación de aceite de oliva;6;La fabricación de aceite de oliva implica procesos que pueden generar vertidos contaminantes.
1043;Fabricación de aceite de oliva;6;La fabricación de aceite de oliva implica procesos que pueden generar vertidos contaminantes.
1043;Fabricación de aceite de oliva;6;La fabricación de aceite de oliva implica procesos que pueden generar vertidos contaminantes.
1044;Fabricación de otros aceites y grasas;6;La fabricación de otros aceites y grasas puede generar residuos y vertidos no deseados.
1044;Fabricación de otros aceites y grasas;6;La fabricación de otros aceites y grasas puede generar residuos y vertidos no deseados.
1044;Fabricación de otros aceites y grasas;6;La fabricación de otros aceites y grasas puede generar residuos y vertidos no deseados.
1052;Elaboración de helados;4;La elaboración de helados tiene un riesgo bajo de generar vertidos contaminantes.
1053;Fabricación de quesos;6;La fabricación de quesos puede involucrar procesos que generan residuos contaminantes.
1054;Preparación de leche y otros productos lácteos;6;La preparación de leche y otros productos lácteos puede generar residuos potencialmente contaminantes.
1054;Preparación de leche y otros productos lácteos;6;La preparación de leche y otros productos lácteos puede generar residuos potencialmente contaminantes.
1061;Fabricación de productos de molinería;4;La fabricación de productos de molinería tiene un riesgo bajo de generar vertidos contaminantes.
1061;Fabricación de productos de molinería;6;Fabricación de productos de molinería implica procesos que pueden generar vertidos de materia orgánica.
1061;Fabricación de productos de molinería;6;Fabricación de productos de molinería implica procesos que pueden generar vertidos de materia orgánica.
1062;Fabricación de almidones y productos amiláceos;6;Fabricación de almidones y productos amiláceos puede generar residuos que impacten el saneamiento.
1071;Fabricación de pan y de productos frescos de panadería y pastelería;6;Fabricación de pan y productos de panadería puede generar residuos que afecten al alcantarillado.
1071;Fabricación de pan y de productos frescos de panadería y pastelería;6;Fabricación de pan y productos de panadería puede generar residuos que afecten al alcantarillado.
1072;Fabricación de galletas y productos de panadería y pastelería de larga duración;6;Fabricación de galletas y productos de panadería implica procesos que pueden generar residuos.
1072;Fabricación de galletas y productos de panadería y pastelería de larga duración;6;Fabricación de galletas y productos de panadería implica procesos que pueden generar residuos.
1073;Fabricación de pastas alimenticias, cuscús y productos similares;6;Fabricación de pastas alimenticias puede generar residuos orgánicos que afectan el saneamiento.
1081;Fabricación de azúcar;6;Fabricación de azúcar puede generar subproductos que impacten el sistema de saneamiento.
1082;Fabricación de cacao, chocolate y productos de confitería;6;Fabricación de cacao, chocolate y productos de confitería puede generar residuos que afecten al alcantarillado.
1082;Fabricación de cacao, chocolate y productos de confitería;6;Fabricación de cacao, chocolate y productos de confitería puede generar residuos que afecten al alcantarillado.
1083;Elaboración de café, té e infusiones;6;Elaboración de café, té e infusiones puede generar residuos que impacten el sistema de saneamiento.
1084;Elaboración de especias, salsas y condimentos;6;Elaboración de especias, salsas y condimentos puede generar residuos que afecten al alcantarillado.
1084;Elaboración de especias, salsas y condimentos;6;Elaboración de especias, salsas y condimentos puede generar residuos que afecten al alcantarillado.
1084;Elaboración de especias, salsas y condimentos;6;Elaboración de especias, salsas y condimentos puede generar residuos que afecten al alcantarillado.
1085;Elaboración de platos y comidas preparados;6;Elaboración de platos y comidas preparados puede generar residuos que impacten el sistema de saneamiento.
1085;Elaboración de platos y comidas preparados;6;Elaboración de platos y comidas preparados puede generar residuos que impacten el sistema de saneamiento.
1085;Elaboración de platos y comidas preparados;6;Elaboración de platos y comidas preparados puede generar residuos que impacten el sistema de saneamiento.
1085;Elaboración de platos y comidas preparados;6;Elaboración de platos y comidas preparados puede generar residuos que impacten el sistema de saneamiento.
1085;Elaboración de platos y comidas preparados;6;Elaboración de platos y comidas preparados puede generar residuos que impacten el sistema de saneamiento.
1085;Elaboración de platos y comidas preparados;6;Elaboración de platos y comidas preparados puede generar residuos que impacten el sistema de saneamiento.
1085;Elaboración de platos y comidas preparados;6;Elaboración de platos y comidas preparados puede generar residuos que impacten el sistema de saneamiento.
1086;Elaboración de preparados alimenticios homogeneizados y alimentos dietéticos;6;Elaboración de preparados alimenticios homogeneizados puede generar residuos que afecten al alcantarillado.
1086;Elaboración de preparados alimenticios homogeneizados y alimentos dietéticos;6;Elaboración de preparados alimenticios homogeneizados puede generar residuos que afecten al alcantarillado.
1089;Elaboración de otros productos alimenticios n.c.o.p.;6;Elaboración de otros productos alimenticios n.c.o.p. puede generar residuos que impacten el saneamiento.
1089;Elaboración de otros productos alimenticios n.c.o.p.;6;Elaboración de otros productos alimenticios n.c.o.p. puede generar residuos que impacten el saneamiento.
1089;Elaboración de otros productos alimenticios n.c.o.p.;6;Elaboración de otros productos alimenticios n.c.o.p. puede generar residuos que impacten el saneamiento.
1089;Elaboración de otros productos alimenticios n.c.o.p.;6;Elaboración de otros productos alimenticios n.c.o.p. puede generar residuos que impacten el saneamiento.
1091;Fabricación de productos para la alimentación de animales de granja;6;Fabricación de productos para la alimentación de animales de granja puede generar residuos que afecten al alcantarillado.
1092;Fabricación de productos para la alimentación de animales de compañía;6;Fabricación de productos para la alimentación de animales de compañía puede generar residuos que afecten al alcantarillado.
1101;Destilación, rectificación y mezcla de bebidas alcohólicas;6;La destilación y mezcla de bebidas alcohólicas puede generar vertidos contaminantes.
1101;Destilación, rectificación y mezcla de bebidas alcohólicas;6;La destilación y mezcla de bebidas alcohólicas puede generar vertidos contaminantes.
1101;Destilación, rectificación y mezcla de bebidas alcohólicas;6;La destilación y mezcla de bebidas alcohólicas puede generar vertidos contaminantes.
1101;Destilación, rectificación y mezcla de bebidas alcohólicas;6;La destilación y mezcla de bebidas alcohólicas puede generar vertidos contaminantes.
1102;Elaboración de vinos;6;La elaboración de vinos implica procesos que pueden producir residuos.
1102;Elaboración de vinos;6;La elaboración de vinos implica procesos que pueden producir residuos.
1102;Elaboración de vinos;6;La elaboración de vinos implica procesos que pueden producir residuos.
1102;Elaboración de vinos;6;La elaboración de vinos implica procesos que pueden producir residuos.
1103;Elaboración de sidra y otras bebidas fermentadas a partir de frutas;4;La elaboración de sidra y otras bebidas fermentadas genera residuos orgánicos.
1104;Elaboración de otras bebidas no destiladas, procedentes de la fermentación;4;La elaboración de bebidas no destiladas puede producir residuos líquidos.
1105;Fabricación de cerveza;6;La fabricación de cerveza puede generar vertidos con contaminantes orgánicos.
1106;Fabricación de malta;4;El proceso de fabricación de malta puede generar residuos orgánicos.
1107;Fabricación de bebidas no alcohólicas, producción de aguas minerales y otras aguas embotelladas;4;La fabricación de bebidas no alcohólicas puede generar residuos contaminantes.
1107;Fabricación de bebidas no alcohólicas, producción de aguas minerales y otras aguas embotelladas;4;La fabricación de bebidas no alcohólicas puede generar residuos contaminantes.
1200;Industria del tabaco;6;La industria del tabaco puede generar residuos contaminantes.
1310;Preparación e hilado de fibras textiles;4;La preparación e hilado de fibras textiles puede producir residuos líquidos.
1310;Preparación e hilado de fibras textiles;4;La preparación e hilado de fibras textiles puede producir residuos líquidos.
1310;Preparación e hilado de fibras textiles;4;La preparación e hilado de fibras textiles puede producir residuos líquidos.
1310;Preparación e hilado de fibras textiles;4;La preparación e hilado de fibras textiles puede producir residuos líquidos.
1310;Preparación e hilado de fibras textiles;4;La preparación e hilado de fibras textiles puede producir residuos líquidos.
1310;Preparación e hilado de fibras textiles;4;La preparación e hilado de fibras textiles puede producir residuos líquidos.
1310;Preparación e hilado de fibras textiles;4;La preparación e hilado de fibras textiles puede producir residuos líquidos.
1320;Fabricación de tejidos textiles;4;La fabricación de tejidos textiles puede generar residuos líquidos.
1320;Fabricación de tejidos textiles;4;La fabricación de tejidos textiles puede generar residuos líquidos.
1320;Fabricación de tejidos textiles;4;La fabricación de tejidos textiles puede generar residuos líquidos.
1320;Fabricación de tejidos textiles;4;La fabricación de tejidos textiles puede generar residuos líquidos.
1320;Fabricación de tejidos textiles;4;La fabricación de tejidos textiles puede generar residuos líquidos.
1320;Fabricación de tejidos textiles;4;La fabricación de tejidos textiles puede generar residuos líquidos.
1330;Acabado de textiles;4;El acabado de textiles puede producir residuos líquidos o contaminantes.
1330;Acabado de textiles;4;El acabado de textiles puede producir residuos líquidos o contaminantes.
1330;Acabado de textiles;4;El acabado de textiles puede implicar el uso de productos químicos menos peligrosos.
1391;Fabricación de tejidos de punto;4;La fabricación de tejidos de punto presenta un riesgo medio-bajo por posibles vertidos de tintes.
1392;Fabricación de artículos confeccionados con textiles, excepto prendas de vestir;4;La confección con textiles puede generar residuos, pero en general son de bajo riesgo.
1393;Fabricación de alfombras y moquetas;4;El riesgo es medio-bajo debido a procesos de fabricación que pueden involucrar tintes.
1394;Fabricación de cuerdas, cordeles, bramantes y redes;2;La fabricación de cuerdas y cordeles tiene un riesgo bajo por la naturaleza del proceso.
1395;Fabricación de telas no tejidas y artículos confeccionados con ellas, excepto prendas de vestir;4;Puede haber residuos derivados de fabricación que implican riesgos medios-bajos.
1396;Fabricación de otros productos textiles de uso técnico e industrial;4;Fabricación de productos técnicos puede tener riesgos, pero generalmente son limitados.
1399;Fabricación de otros productos textiles n.c.o.p.;4;La fabricación de otros productos textiles puede tener residuos, pero es riesgo medio-bajo.
1411;Confección de prendas de vestir de cuero;6;El curtido de cuero puede implicar productos químicos de riesgo medio.
1412;Confección de ropa de trabajo;4;Confección de ropa de trabajo tiene un riesgo medio-bajo por posibles residuos.
1413;Confección de otras prendas de vestir exteriores;4;El riesgo es medio-bajo por los procesos utilizados en la confección de prendas externas.
1414;Confección de ropa interior;4;Confección de ropa interior presenta un riesgo medio-bajo por la naturaleza del material.
1419;Confección de otras prendas de vestir y accesorios;4;La confección de prendas y accesorios tiene un riesgo medio-bajo de residuos.
1420;Fabricación de artículos de peletería;6;Fabricación de artículos de peletería implica procesos químicos que aumentan el riesgo.
1431;Confección de calcetería;4;La confección de calcetería tiene riesgo medio-bajo aunque puede incluir algunos tintes.
1439;Confección de otras prendas de vestir de punto;4;Confección de prendas de vestir de punto presenta un riesgo medio-bajo por residuos.
1511;Preparación, curtido y acabado del cuero, preparación y teñido de pieles;10;La preparación y curtido de cuero es un proceso altamente contaminante y de alto riesgo.
1511;Preparación, curtido y acabado del cuero, preparación y teñido de pieles;10;Actividad relacionada con el curtido que implica el uso de productos químicos peligrosos.
1512;Fabricación de artículos de marroquinería, viaje y de guarnicionería y talabartería;4;Fabricación de artículos de marroquinería, bajo riesgo por el uso de materiales no peligrosos.
1512;Fabricación de artículos de marroquinería, viaje y de guarnicionería y talabartería;4;Fabricación de artículos de marroquinería, bajo riesgo por el uso de materiales no peligrosos.
1512;Fabricación de artículos de marroquinería, viaje y de guarnicionería y talabartería;4;Fabricación de artículos de marroquinería, bajo riesgo por el uso de materiales no peligrosos.
1520;Fabricación de calzado;4;Fabricación de calzado, implica procesos de bajo riesgo para el alcantarillado.
1610;Aserrado y cepillado de la madera;2;Aserrado de madera, presenta bajo riesgo por el manejo de materiales no peligrosos.
1610;Aserrado y cepillado de la madera;2;Aserrado de madera, presenta bajo riesgo por el manejo de materiales no peligrosos.
1610;Aserrado y cepillado de la madera;2;Aserrado de madera, presenta bajo riesgo por el manejo de materiales no peligrosos.
1621;Fabricación de chapas y tableros de madera;2;Fabricación de chapas de madera, riesgo bajo debido al uso de materia prima natural.
1622;Fabricación de suelos de madera ensamblados;2;Fabricación de suelos de madera, riesgo bajo por el uso de materiales no peligrosos.
1623;Fabricación de otras estructuras de madera y piezas de carpintería y ebanistería para la construcción;2;Fabricación de estructuras de madera, presenta bajo riesgo por el manejo de materiales no peligrosos.
1623;Fabricación de otras estructuras de madera y piezas de carpintería y ebanistería para la construcción;2;Fabricación de estructuras de madera, presenta bajo riesgo por el manejo de materiales no peligrosos.
1624;Fabricación de envases y embalajes de madera;2;Fabricación de envases de madera, riesgo bajo por su naturaleza no peligrosa.
1629;Fabricación de otros productos de madera, artículos de corcho, cestería y espartería;2;Fabricación de otros productos de madera, riesgo bajo por el manejo de materiales no peligrosos.
1629;Fabricación de otros productos de madera, artículos de corcho, cestería y espartería;2;Fabricación de otros productos de madera, riesgo bajo por el manejo de materiales no peligrosos.
1629;Fabricación de otros productos de madera, artículos de corcho, cestería y espartería;2;Fabricación de otros productos de madera, riesgo bajo por el manejo de materiales no peligrosos.
1629;Fabricación de otros productos de madera, artículos de corcho, cestería y espartería;2;Fabricación de otros productos de madera, riesgo bajo por el manejo de materiales no peligrosos.
1629;Fabricación de otros productos de madera, artículos de corcho, cestería y espartería;2;Fabricación de otros productos de madera, riesgo bajo por el manejo de materiales no peligrosos.
1711;Fabricación de pasta papelera;8;Fabricación de pasta papelera puede implicar el uso de químicos en el proceso.
1711;Fabricación de pasta papelera;8;Fabricación de pasta papelera puede implicar el uso de químicos en el proceso.
1712;Fabricación de papel y cartón;8;Fabricación de papel y cartón, riesgo alto debido a procesos industriales.
1721;Fabricación de papel y cartón ondulados, fabricación de envases y embalajes de papel y cartón;8;Fabricación de papel ondulado y envases, potencial riesgo por químicos.
1722;Fabricación de artículos de papel y cartón para uso doméstico, sanitario e higiénico;4;Fabricación de artículos de papel higiénico, riesgo medio-bajo por naturaleza de productos.
1722;Fabricación de artículos de papel y cartón para uso doméstico, sanitario e higiénico;4;Fabricación de artículos de papel higiénico, riesgo medio-bajo por naturaleza de productos.
1723;Fabricación de artículos de papelería;4;Fabricación de artículos de papelería, bajo riesgo por materia prima principalmente reciclada.
1723;Fabricación de artículos de papelería;4;Fabricación de artículos de papelería, bajo riesgo por materia prima principalmente reciclada.
1724;Fabricación de papeles pintados;4;Fabricación de papeles pintados, riesgo medio-bajo por el uso de productos químicos.
1729;Fabricación de otros artículos de papel y cartón;4;Fabricación de otros artículos de papel, riesgo medio-bajo por procesos menos contaminantes.
1729;Fabricación de otros artículos de papel y cartón;4;Fabricación de otros artículos de papel, riesgo medio-bajo por procesos menos contaminantes.
1811;Impresión de periódicos;0;Impresión de periódicos, sin riesgo relacionado con vertidos industriales.
1812;Otras actividades de impresión y artes gráficas;4;Impresión y artes gráficas pueden generar residuos, aunque en menor medida.
1813;Servicios de preimpresión y preparación de soportes;4;Servicios de preimpresión implican el uso de tintas y productos químicos.
1813;Servicios de preimpresión y preparación de soportes;4;Servicios de preimpresión implican el uso de tintas y productos químicos.
1814;Encuadernación y servicios relacionados con la misma;4;Encuadernación puede generar residuos de papel y adhesivos.
1820;Reproducción de soportes grabados;4;Reproducción de soportes grabados puede involucrar el uso de químicos.
1820;Reproducción de soportes grabados;4;Reproducción de soportes grabados puede involucrar el uso de químicos.
1820;Reproducción de soportes grabados;4;Reproducción de soportes grabados puede involucrar el uso de químicos.
1910;Coquerías;10;Las coquerías generan residuos peligrosos y contaminantes.
1910;Coquerías;10;Las coquerías generan residuos peligrosos y contaminantes.
1920;Refino de petróleo;10;El refino de petróleo produce efluentes contaminantes muy peligrosos.
1920;Refino de petróleo;10;El refino de petróleo produce efluentes contaminantes muy peligrosos.
1920;Refino de petróleo;10;El refino de petróleo produce efluentes contaminantes muy peligrosos.
1920;Refino de petróleo;10;El refino de petróleo produce efluentes contaminantes muy peligrosos.
1920;Refino de petróleo;10;El refino de petróleo produce efluentes contaminantes muy peligrosos.
1920;Refino de petróleo;10;El refino de petróleo produce efluentes contaminantes muy peligrosos.
2011;Fabricación de gases industriales;10;Fabricación de gases industriales con riesgo de vertidos peligrosos.
2012;Fabricación de colorantes y pigmentos;10;Fabricación de colorantes y pigmentos implica el uso de químicos peligrosos.
2013;Fabricación de otros productos básicos de química inorgánica;10;Producción de productos de química inorgánica puede ser muy contaminante.
2013;Fabricación de otros productos básicos de química inorgánica;10;Producción de productos de química inorgánica puede ser muy contaminante.
2014;Fabricación de otros productos básicos de química orgánica;10;Producción de productos químicos orgánicos genera alto riesgo de vertidos.
2014;Fabricación de otros productos básicos de química orgánica;10;Producción de productos químicos orgánicos genera alto riesgo de vertidos.
2015;Fabricación de fertilizantes y compuestos nitrogenados;10;Fabricación de fertilizantes implica riesgos de contaminantes en efluentes.
2016;Fabricación de plásticos en formas primarias;10;Fabricación de plásticos presenta riesgo alto por residuos peligrosos.
2017;Fabricación de caucho sintético en formas primarias;10;Fabricación de caucho sintético puede generar vertidos peligrosos.
2020;Fabricación de pesticidas y otros productos agroquímicos;10;Producción de pesticidas conlleva un riesgo muy alto de contaminación.
2030;Fabricación de pinturas, barnices y revestimientos similares, tintas de imprenta y masillas;10;Fabricación de pinturas implica uso de solventes peligrosos.
2030;Fabricación de pinturas, barnices y revestimientos similares, tintas de imprenta y masillas;10;Fabricación de pinturas implica uso de solventes peligrosos.
2041;Fabricación de jabones, detergentes y otros artículos de limpieza y abrillantamiento;10;Fabricación de jabones y detergentes puede ser contaminante en efluentes.
2042;Fabricación de perfumes y cosméticos;10;Fabricación de perfumes y cosméticos puede implicar vertidos peligrosos.
2042;Fabricación de perfumes y cosméticos;10;Fabricación de perfumes y cosméticos puede implicar vertidos peligrosos.
2051;Fabricación de explosivos;10;Fabricación de explosivos presenta un riesgo muy alto debido a la naturaleza peligrosa de los productos.
2051;Fabricación de explosivos;10;Fabricación de explosivos presenta un riesgo muy alto debido a la naturaleza peligrosa de los productos.
2051;Fabricación de explosivos;10;Fabricación de explosivos presenta un riesgo muy alto debido a la naturaleza peligrosa de los productos.
2052;Fabricación de colas;10;Fabricación de colas puede generar productos químicos peligrosos, riesgo muy alto.
2053;Fabricación de aceites esenciales;10;Fabricación de aceites esenciales puede involucrar productos químicos riesgosos, riesgo muy alto.
2059;Fabricación de otros productos químicos n.c.o.p.;10;Fabricación de otros productos químicos n.c.o.p. representa un riesgo muy alto debido a la variabilidad de químicos.
2059;Fabricación de otros productos químicos n.c.o.p.;10;Fabricación de otros productos químicos n.c.o.p. representa un riesgo muy alto debido a la variabilidad de químicos.
2059;Fabricación de otros productos químicos n.c.o.p.;10;Fabricación de otros productos químicos n.c.o.p. representa un riesgo muy alto debido a la variabilidad de químicos.
2059;Fabricación de otros productos químicos n.c.o.p.;10;Fabricación de otros productos químicos n.c.o.p. representa un riesgo muy alto debido a la variabilidad de químicos.
2060;Fabricación de fibras artificiales y sintéticas;10;Fabricación de fibras artificiales y sintéticas tiene un alto riesgo de vertidos químicos.
2110;Fabricación de productos farmacéuticos de base;10;Fabricación de productos farmacéuticos de base implica el manejo de sustancias químicas peligrosas.
2120;Fabricación de especialidades farmacéuticas;10;Fabricación de especialidades farmacéuticas implica el manejo de sustancias químicas peligrosas.
2120;Fabricación de especialidades farmacéuticas;10;Fabricación de especialidades farmacéuticas implica el manejo de sustancias químicas peligrosas.
2211;Fabricación de neumáticos y cámaras de caucho, reconstrucción y recauchutado de neumáticos;10;Fabricación de neumáticos y cámaras de caucho genera residuos peligrosos, riesgo muy alto.
2211;Fabricación de neumáticos y cámaras de caucho, reconstrucción y recauchutado de neumáticos;10;Fabricación de neumáticos y cámaras de caucho genera residuos peligrosos, riesgo muy alto.
2219;Fabricación de otros productos de caucho;10;Fabricación de otros productos de caucho genera residuos peligrosos, riesgo muy alto.
2219;Fabricación de otros productos de caucho;10;Fabricación de otros productos de caucho genera residuos peligrosos, riesgo muy alto.
2219;Fabricación de otros productos de caucho;10;Fabricación de otros productos de caucho genera residuos peligrosos, riesgo muy alto.
2219;Fabricación de otros productos de caucho;10;Fabricación de otros productos de caucho genera residuos peligrosos, riesgo muy alto.
2221;Fabricación de placas, hojas, tubos y perfiles de plástico;10;Fabricación de placas, hojas, tubos y perfiles de plástico puede generar vertidos perjudiciales.
2222;Fabricación de envases y embalajes de plástico;10;Fabricación de envases y embalajes de plástico puede generar vertidos perjudiciales.
2223;Fabricación de productos de plástico para la construcción;10;Fabricación de productos de plástico para la construcción puede generar residuos peligrosos.
2223;Fabricación de productos de plástico para la construcción;10;Fabricación de productos de plástico para la construcción puede generar residuos peligrosos.
2229;Fabricación de otros productos de plástico;10;Fabricación de otros productos de plástico puede generar residuos peligrosos.
2229;Fabricación de otros productos de plástico;10;Fabricación de otros productos de plástico puede generar residuos peligrosos.
2229;Fabricación de otros productos de plástico;10;Fabricación de otros productos de plástico puede generar residuos peligrosos.
2229;Fabricación de otros productos de plástico;10;Fabricación de otros productos de plástico puede generar residuos peligrosos.
2311;Fabricación de vidrio plano;8;Fabricación de vidrio plano puede generar residuos que afectan el tratamiento de aguas.
2312;Manipulado y transformación de vidrio plano;8;Manipulado y transformación de vidrio plano puede generar residuos que afectan el tratamiento de aguas.
2313;Fabricación de vidrio hueco;8;Fabricación de vidrio hueco puede generar residuos que afectan el tratamiento de aguas.
2314;Fabricación de fibra de vidrio;8;La fabricación de fibra de vidrio implica procesos que pueden generar vertidos industriales.
2319;Fabricación y manipulado de otro vidrio, incluido el vidrio técnico;8;La producción y manipulación de vidrio técnico pueden generar residuos peligrosos.
2320;Fabricación de productos cerámicos refractarios;8;La fabricación de productos cerámicos refractarios puede implicar procesos contaminantes.
2331;Fabricación de azulejos y baldosas de cerámica;6;La fabricación de azulejos y baldosas genera residuos, pero es menos contaminante que otros procesos industriales.
2332;Fabricación de ladrillos, tejas y productos de tierras cocidas para la construcción;6;La fabricación de ladrillos y tejas tiene riesgo de vertidos, aunque es moderado.
2341;Fabricación de artículos cerámicos de uso doméstico y ornamental;4;La fabricación de artículos cerámicos de uso doméstico y ornamental puede generar algunos residuos pero es menos riesgoso.
2342;Fabricación de aparatos sanitarios cerámicos;4;La fabricación de aparatos sanitarios cerámicos tiene bajo riesgo de vertidos peligrosos.
2343;Fabricación de aisladores y piezas aislantes de material cerámico;4;La fabricación de aisladores cerámicos tiene riesgo bajo debido a su naturaleza.
2344;Fabricación de otros productos cerámicos de uso técnico;4;La fabricación de otros productos cerámicos de uso técnico puede implicar bajo riesgo de vertidos.
2349;Fabricación de otros productos cerámicos;4;La fabricación de otros productos cerámicos también presenta un riesgo menor de vertidos.
2351;Fabricación de cemento;8;La fabricación de cemento generalmente produce contaminantes industriales.
2352;Fabricación de cal y yeso;6;La fabricación de cal y yeso puede generar subproductos que tienen riesgos moderados.
2361;Fabricación de elementos de hormigón para la construcción;6;La fabricación de elementos de hormigón tiene potencial de vertido, pero es moderado.
2362;Fabricación de elementos de yeso para la construcción;6;Al igual que otros procesos para la construcción, el riesgo de vertidos es moderado.
2363;Fabricación de hormigón fresco;6;La fabricación de hormigón fresco puede conllevar residuos con cierto riesgo.
2364;Fabricación de mortero;6;La fabricación de mortero también tiene un riesgo moderado de vertidos.
2365;Fabricación de fibrocemento;6;La fabricación de fibrocemento presenta riesgos moderados en cuanto a residuos.
2369;Fabricación de otros productos de hormigón, yeso y cemento;6;Otros productos de hormigón, yeso y cemento tienen un riesgo similar de vertidos.
2370;Corte, tallado y acabado de la piedra;4;El corte y acabado de piedra tiene bajo riesgo de vertidos, aunque existe.
2391;Fabricación de productos abrasivos;8;La fabricación de productos abrasivos puede generar vertidos peligrosos.
2399;Fabricación de otros productos minerales no metálicos n.c.o.p.;6;Otros productos minerales no metálicos pueden conllevar residuos moderados.
2410;Fabricación de productos básicos de hierro, acero y ferroaleaciones;10;La fabricación de productos básicos de hierro, acero y ferroaleaciones implica riesgos muy altos de vertidos.
2420;Fabricación de tubos, tuberías, perfiles huecos y sus accesorios, de acero;10;La fabricación de tubos y accesorios de acero tiene alto riesgo de vertidos peligrosos.
2431;Estirado en frío;10;El estirado en frío conlleva un alto potencial de residuos industriales peligrosos.
2432;Laminación en frío;10;La laminación en frío presenta riesgos muy altos de vertidos.
2433;Producción de perfiles en frío por conformación con plegado;10;La producción de perfiles en frío tiene riesgos significativos de vertidos industriales.
2433;Producción de perfiles en frío por conformación con plegado;10;Producción de perfiles metálicos puede generar residuos peligrosos.
2434;Trefilado en frío;10;Trefilado en frío involucra procesos que pueden generar residuos peligrosos.
2441;Producción de metales preciosos;10;La producción de metales preciosos puede involucrar sustancias químicas peligrosas.
2442;Producción de aluminio;10;Producción de aluminio implica el uso de productos químicos dañinos.
2443;Producción de plomo, zinc y estaño;10;Producción de plomo, zinc y estaño presenta un alto riesgo de contaminación.
2444;Producción de cobre;10;Producción de cobre puede generar contaminantes tóxicos.
2445;Producción de otros metales no férreos;10;Producción de metales no férreos implica el manejo de sustancias químicas peligrosas.
2446;Procesamiento de combustibles nucleares;10;Procesamiento de combustibles nucleares presenta un riesgo muy alto de vertidos.
2451;Fundición de hierro;10;Fundición de hierro genera residuos peligrosos y contaminación.
2452;Fundición de acero;10;Fundición de acero también implica el manejo de residuos tóxicos.
2453;Fundición de metales ligeros;10;Fundición de metales ligeros puede generar desechos peligrosos.
2454;Fundición de otros metales no férreos;10;Fundición de otros metales no férreos presenta riesgos de contaminación.
2511;Fabricación de estructuras metálicas y sus componentes;8;Fabricación de estructuras metálicas puede generar residuos lo cual es un riesgo alto.
2512;Fabricación de carpintería metálica;8;Fabricación de carpintería metálica conlleva riesgo de residuos industriales.
2521;Fabricación de radiadores y calderas para calefacción central;8;Fabricación de radiadores y calderas puede generar contaminantes.
2529;Fabricación de otras cisternas, grandes depósitos y contenedores de metal;8;Manufactura de depósitos metálicos puede implicar el manejo de sustancias tóxicas.
2530;Fabricación de generadores de vapor, excepto calderas para calefacción central;8;Fabricación de generadores de vapor implica el uso de productos peligrosos.
2540;Fabricación de armas y municiones;10;Fabricación de armas y municiones genera un riesgo muy alto de residuos peligrosos.
2550;Forja, estampación y embutición de metales, metalurgia de polvos;10;Forja y estampación de metales conlleva un alto riesgo de vertidos industriales.
2561;Tratamiento y revestimiento de metales;10;Tratamiento y revestimiento de metales involucra productos químicos peligrosos.
2562;Ingeniería mecánica por cuenta de terceros;8;Ingeniería mecánica puede llevar a la generación de residuos industriales.
2571;Fabricación de artículos de cuchillería y cubertería;8;Fabricación de artículos de cuchillería y cubertería genera riesgo de desechos.
2572;Fabricación de cerraduras y herrajes;6;Fabricación de cerraduras y herrajes puede involucrar procesos de metalurgia y utilización de productos químicos.
2573;Fabricación de herramientas;6;Fabricación de herramientas puede implicar el uso de aceites y lubricantes, generando riesgo a vertidos.
2573;Fabricación de herramientas;6;Fabricación de herramientas puede implicar el uso de aceites y lubricantes, generando riesgo a vertidos.
2573;Fabricación de herramientas;6;Fabricación de herramientas puede implicar el uso de aceites y lubricantes, generando riesgo a vertidos.
2591;Fabricación de bidones y toneles de hierro o acero;6;Fabricación de bidones y toneles de hierro o acero puede generar residuos metálicos y químicos.
2592;Fabricación de envases y embalajes metálicos ligeros;6;Fabricación de envases y embalajes metálicos ligeros puede involucrar procesos que generen residuos químicos.
2593;Fabricación de productos de alambre, cadenas y muelles;6;Fabricación de productos de alambre, cadenas y muelles puede generar residuos metálicos y químicos.
2593;Fabricación de productos de alambre, cadenas y muelles;6;Fabricación de productos de alambre, cadenas y muelles puede generar residuos metálicos y químicos.
2594;Fabricación de pernos y productos de tornillería;6;Fabricación de pernos y productos de tornillería puede generar residuos metálicos y químicos.
2599;Fabricación de otros productos metálicos n.c.o.p.;6;Fabricación de otros productos metálicos n.c.o.p. puede generar residuos metálicos y químicos.
2599;Fabricación de otros productos metálicos n.c.o.p.;6;Fabricación de otros productos metálicos n.c.o.p. puede generar residuos metálicos y químicos.
2599;Fabricación de otros productos metálicos n.c.o.p.;6;Fabricación de otros productos metálicos n.c.o.p. puede generar residuos metálicos y químicos.
2599;Fabricación de otros productos metálicos n.c.o.p.;6;Fabricación de otros productos metálicos n.c.o.p. puede generar residuos metálicos y químicos.
2599;Fabricación de otros productos metálicos n.c.o.p.;6;Fabricación de otros productos metálicos n.c.o.p. puede generar residuos metálicos y químicos.
2611;Fabricación de componentes electrónicos;4;Fabricación de componentes electrónicos puede implicar el uso de sustancias químicas, pero el riesgo es moderado.
2611;Fabricación de componentes electrónicos;4;Fabricación de componentes electrónicos puede implicar el uso de sustancias químicas, pero el riesgo es moderado.
2611;Fabricación de componentes electrónicos;4;Fabricación de componentes electrónicos puede implicar el uso de sustancias químicas, pero el riesgo es moderado.
2611;Fabricación de componentes electrónicos;4;Fabricación de componentes electrónicos puede implicar el uso de sustancias químicas, pero el riesgo es moderado.
2611;Fabricación de componentes electrónicos;4;Fabricación de componentes electrónicos puede implicar el uso de sustancias químicas, pero el riesgo es moderado.
2612;Fabricación de circuitos impresos ensamblados;4;Fabricación de circuitos impresos ensamblados puede generar residuos que contienen sustancias químicas.
2620;Fabricación de ordenadores y equipos periféricos;4;Fabricación de ordenadores y equipos periféricos puede implicar el uso de químicos, pero el riesgo es moderado.
2630;Fabricación de equipos de telecomunicaciones;4;Fabricación de equipos de telecomunicaciones puede implicar el uso de sustancias químicas, pero el riesgo es moderado.
2630;Fabricación de equipos de telecomunicaciones;4;Fabricación de equipos de telecomunicaciones puede implicar el uso de sustancias químicas, pero el riesgo es moderado.
2630;Fabricación de equipos de telecomunicaciones;4;Fabricación de equipos de telecomunicaciones puede implicar el uso de sustancias químicas, pero el riesgo es moderado.
2630;Fabricación de equipos de telecomunicaciones;4;Fabricación de equipos de telecomunicaciones puede implicar el uso de sustancias químicas, pero el riesgo es moderado.
2640;Fabricación de productos electrónicos de consumo;4;Fabricación de productos electrónicos de consumo puede involucrar el uso de sustancias químicas, aunque el riesgo es moderado.
2640;Fabricación de productos electrónicos de consumo;4;Fabricación de productos electrónicos de consumo puede involucrar el uso de sustancias químicas, aunque el riesgo es moderado.
2651;Fabricación de instrumentos y aparatos de medida, verificación y navegación;4;Fabricación de instrumentos y aparatos de medida, verificación y navegación puede utilizar químicos, aunque el riesgo es moderado.
2651;Fabricación de instrumentos y aparatos de medida, verificación y navegación;4;Fabricación de instrumentos y aparatos de medida, verificación y navegación puede utilizar químicos, aunque el riesgo es moderado.
2652;Fabricación de relojes;4;Fabricación de relojes puede generar residuos tipo, aunque el riesgo es moderado.
2660;Fabricación de equipos de radiación, electromédicos y electroterapéuticos;8;Fabricación de equipos electromédicos puede implicar el uso de productos químicos.
2670;Fabricación de instrumentos de óptica y equipo fotográfico;6;Fabricación de instrumentos ópticos puede generar residuos, aunque el riesgo es moderado.
2670;Fabricación de instrumentos de óptica y equipo fotográfico;6;Fabricación de instrumentos ópticos puede generar residuos, aunque el riesgo es moderado.
2670;Fabricación de instrumentos de óptica y equipo fotográfico;6;Fabricación de instrumentos ópticos puede generar residuos, aunque el riesgo es moderado.
2680;Fabricación de soportes magnéticos y ópticos;6;Fabricación de soportes magnéticos puede involucrar sustancias químicas y residuos.
2711;Fabricación de motores, generadores y transformadores eléctricos;8;Fabricación de motores eléctricos puede generar vertidos de aceites y refrigerantes.
2712;Fabricación de aparatos de distribución y control eléctrico;8;Fabricación de aparatos de control eléctrico puede incluir sustancias peligrosas.
2720;Fabricación de pilas y acumuladores eléctricos;8;Fabricación de pilas y acumuladores eléctricos implica procesos químicos y riesgos.
2731;Fabricación de cables de fibra óptica;6;Fabricación de cables de fibra óptica tiene riesgo moderado de vertidos.
2731;Fabricación de cables de fibra óptica;6;Fabricación de cables de fibra óptica tiene riesgo moderado de vertidos.
2732;Fabricación de otros hilos y cables electrónicos y eléctricos;6;Fabricación de hilos y cables electrónicos implica riesgos moderados de residuos.
2733;Fabricación de dispositivos de cableado;6;Fabricación de dispositivos de cableado puede generar residuos con riesgo moderado.
2733;Fabricación de dispositivos de cableado;6;Fabricación de dispositivos de cableado puede generar residuos con riesgo moderado.
2733;Fabricación de dispositivos de cableado;6;Fabricación de dispositivos de cableado puede generar residuos con riesgo moderado.
2740;Fabricación de lámparas y aparatos eléctricos de iluminación;6;Fabricación de lámparas eléctricas puede implicar el uso de materiales con riesgo de residuos.
2740;Fabricación de lámparas y aparatos eléctricos de iluminación;6;Fabricación de lámparas eléctricas puede implicar el uso de materiales con riesgo de residuos.
2740;Fabricación de lámparas y aparatos eléctricos de iluminación;6;Fabricación de lámparas eléctricas puede implicar el uso de materiales con riesgo de residuos.
2751;Fabricación de electrodomésticos;6;Fabricación de electrodomésticos puede generar residuos y manejos químicos.
2752;Fabricación de aparatos domésticos no eléctricos;6;Fabricación de aparatos no eléctricos puede incluir riesgos moderados de vertidos.
2790;Fabricación de otro material y equipo eléctrico;8;Fabricación de material eléctrico puede implicar residuos y sustancias peligrosas.
2790;Fabricación de otro material y equipo eléctrico;8;Fabricación de material eléctrico puede implicar residuos y sustancias peligrosas.
2790;Fabricación de otro material y equipo eléctrico;8;Fabricación de material eléctrico puede implicar residuos y sustancias peligrosas.
2790;Fabricación de otro material y equipo eléctrico;8;Fabricación de material eléctrico puede implicar residuos y sustancias peligrosas.
2790;Fabricación de otro material y equipo eléctrico;8;Fabricación de material eléctrico puede implicar residuos y sustancias peligrosas.
2790;Fabricación de otro material y equipo eléctrico;8;Fabricación de material eléctrico puede implicar residuos y sustancias peligrosas.
2811;Fabricación de motores y turbinas, excepto los destinados a aeronaves, vehículos automóviles y ciclomotores;8;Fabricación de turbinas y motores puede generar residuos peligrosos y químicos.
2811;Fabricación de motores y turbinas, excepto los destinados a aeronaves, vehículos automóviles y ciclomotores;8;Fabricación de turbinas y motores puede generar residuos peligrosos y químicos.
2812;Fabricación de equipos de transmisión hidráulica y neumática;8;Fabricación de equipos de transmisión implica el uso de productos químicos.
2812;Fabricación de equipos de transmisión hidráulica y neumática;8;Fabricación de equipos de transmisión implica el uso de productos químicos.
2813;Fabricación de otras bombas y compresores;8;Fabricación de bombas y compresores puede conllevar el uso de sustancias peligrosas.
2813;Fabricación de otras bombas y compresores;8;Producción industrial de equipos que puede generar vertidos contaminantes.
2814;Fabricación de otra grifería y válvulas;8;Producción industrial de grifería y válvulas, implicando riesgos de vertidos.
2815;Fabricación de cojinetes, engranajes y órganos mecánicos de transmisión;8;Fabricación de elementos mecánicos que puede generar vertidos industriales.
2815;Fabricación de cojinetes, engranajes y órganos mecánicos de transmisión;8;Fabricación de elementos mecánicos que puede generar vertidos industriales.
2821;Fabricación de hornos y quemadores;8;Fabricación de hornos y quemadores, lo que puede generar residuos peligrosos.
2821;Fabricación de hornos y quemadores;8;Fabricación de hornos y quemadores, lo que puede generar residuos peligrosos.
2821;Fabricación de hornos y quemadores;8;Fabricación de hornos y quemadores, lo que puede generar residuos peligrosos.
2822;Fabricación de maquinaria de elevación y manipulación;8;Fabricación de maquinaria de elevación, puede implicar riesgos de vertidos.
2822;Fabricación de maquinaria de elevación y manipulación;8;Fabricación de maquinaria de elevación, puede implicar riesgos de vertidos.
2822;Fabricación de maquinaria de elevación y manipulación;8;Fabricación de maquinaria de elevación, puede implicar riesgos de vertidos.
2823;Fabricación de máquinas y equipos de oficina, excepto equipos informáticos;6;Producción de máquinas de oficina, menores riesgos de vertidos.
2823;Fabricación de máquinas y equipos de oficina, excepto equipos informáticos;6;Producción de máquinas de oficina, menores riesgos de vertidos.
2824;Fabricación de herramientas eléctricas manuales;6;Fabricación de herramientas eléctricas, con riesgo controlado de vertidos.
2825;Fabricación de maquinaria de ventilación y refrigeración no doméstica;6;Fabricación de maquinaria de ventilación, riesgo moderado de vertidos.
2825;Fabricación de maquinaria de ventilación y refrigeración no doméstica;6;Fabricación de maquinaria de ventilación, riesgo moderado de vertidos.
2829;Fabricación de otra maquinaria de uso general n.c.o.p.;8;Producción de maquinaria de uso general, con riesgo de vertidos.
2829;Fabricación de otra maquinaria de uso general n.c.o.p.;8;Producción de maquinaria de uso general, con riesgo de vertidos.
2829;Fabricación de otra maquinaria de uso general n.c.o.p.;8;Producción de maquinaria de uso general, con riesgo de vertidos.
2829;Fabricación de otra maquinaria de uso general n.c.o.p.;8;Producción de maquinaria de uso general, con riesgo de vertidos.
2829;Fabricación de otra maquinaria de uso general n.c.o.p.;8;Producción de maquinaria de uso general, con riesgo de vertidos.
2830;Fabricación de maquinaria agraria y forestal;6;Fabricación de maquinaria agraria, con riesgo moderado de vertidos.
2830;Fabricación de maquinaria agraria y forestal;6;Fabricación de maquinaria agraria, con riesgo moderado de vertidos.
2830;Fabricación de maquinaria agraria y forestal;6;Fabricación de maquinaria agraria, con riesgo moderado de vertidos.
2841;Fabricación de maquinas herramienta para trabajar el metal;8;Fabricación de máquinas herramienta para metal, riesgo alto de vertidos.
2849;Fabricación de otras máquinas herramienta;8;Fabricación de otras máquinas herramienta, riesgo alto de vertidos.
2849;Fabricación de otras máquinas herramienta;8;Fabricación de otras máquinas herramienta, riesgo alto de vertidos.
2849;Fabricación de otras máquinas herramienta;8;Fabricación de otras máquinas herramienta, riesgo alto de vertidos.
2891;Fabricación de maquinaria para la industria metalúrgica;8;Fabricación de maquinaria para la industria metalúrgica, riesgo alto de vertidos.
2892;Fabricación de maquinaria para las industrias extractivas y de la construcción;8;Fabricación de maquinaria para industrias extractivas, riesgo alto de vertidos.
2892;Fabricación de maquinaria para las industrias extractivas y de la construcción;8;Fabricación de maquinaria para industrias extractivas, riesgo alto de vertidos.
2893;Fabricación de maquinaria para la industria de la alimentación, bebidas y tabaco;6;Fabricación de maquinaria para la industria de la alimentación, bebidas y tabaco implica un riesgo medio debido a la manipulación de productos que pueden generar vertidos.
2894;Fabricación de maquinaria para las industrias textil, de la confección y del cuero;4;Fabricación de maquinaria para las industrias textil, de la confección y del cuero tiene un riesgo medio-bajo, ya que puede involucrar productos químicos menores.
2894;Fabricación de maquinaria para las industrias textil, de la confección y del cuero;4;Fabricación de maquinaria para las industrias textil, de la confección y del cuero tiene un riesgo medio-bajo, ya que puede involucrar productos químicos menores.
2894;Fabricación de maquinaria para las industrias textil, de la confección y del cuero;4;Fabricación de maquinaria para las industrias textil, de la confección y del cuero tiene un riesgo medio-bajo, ya que puede involucrar productos químicos menores.
2894;Fabricación de maquinaria para las industrias textil, de la confección y del cuero;4;Fabricación de maquinaria para las industrias textil, de la confección y del cuero tiene un riesgo medio-bajo, ya que puede involucrar productos químicos menores.
2895;Fabricación de maquinaria para la industria del papel y del cartón;6;Fabricación de maquinaria para la industria del papel y del cartón implica un riesgo medio debido a la posible manipulación de sustancias químicas.
2896;Fabricación de maquinaria para las industrias del plástico y del caucho;8;Fabricación de maquinaria para las industrias del plástico y del caucho tiene un riesgo alto por la utilización de materiales que pueden ser contaminantes.
2899;Fabricación de otra maquinaria para usos específicos n.c.o.p.;6;Fabricación de otra maquinaria para usos específicos puede tener un riesgo medio por la diversidad de aplicaciones y sustancias involucradas.
2899;Fabricación de otra maquinaria para usos específicos n.c.o.p.;6;Fabricación de otra maquinaria para usos específicos puede tener un riesgo medio por la diversidad de aplicaciones y sustancias involucradas.
2899;Fabricación de otra maquinaria para usos específicos n.c.o.p.;6;Fabricación de otra maquinaria para usos específicos puede tener un riesgo medio por la diversidad de aplicaciones y sustancias involucradas.
2899;Fabricación de otra maquinaria para usos específicos n.c.o.p.;6;Fabricación de otra maquinaria para usos específicos puede tener un riesgo medio por la diversidad de aplicaciones y sustancias involucradas.
2899;Fabricación de otra maquinaria para usos específicos n.c.o.p.;6;Fabricación de otra maquinaria para usos específicos puede tener un riesgo medio por la diversidad de aplicaciones y sustancias involucradas.
2899;Fabricación de otra maquinaria para usos específicos n.c.o.p.;6;Fabricación de otra maquinaria para usos específicos puede tener un riesgo medio por la diversidad de aplicaciones y sustancias involucradas.
2910;Fabricación de vehículos de motor;6;Fabricación de vehículos de motor tiene un riesgo medio debido a la manipulación de aceites y productos químicos.
2920;Fabricación de carrocerías para vehículos de motor, fabricación de remolques y semirremolques;6;Fabricación de carrocerías para vehículos de motor y remolques tiene un riesgo medio por los materiales y procesos utilizados.
2931;Fabricación de equipos eléctricos y electrónicos para vehículos de motor;6;Fabricación de equipos eléctricos y electrónicos para vehículos tiene un riesgo medio debido a la manipulación de químicos.
2932;Fabricación de otros componentes, piezas y accesorios para vehículos de motor;6;Fabricación de otros componentes, piezas y accesorios para vehículos tiene un riesgo medio por los materiales utilizados.
2932;Fabricación de otros componentes, piezas y accesorios para vehículos de motor;6;Fabricación de otros componentes, piezas y accesorios para vehículos tiene un riesgo medio por los materiales utilizados.
3011;Construcción de barcos y estructuras flotantes;8;Construcción de barcos y estructuras flotantes implica un riesgo alto por la utilización de productos químicos en los procesos.
3011;Construcción de barcos y estructuras flotantes;8;Construcción de barcos y estructuras flotantes implica un riesgo alto por la utilización de productos químicos en los procesos.
3012;Construcción de embarcaciones de recreo y deporte;8;Construcción de embarcaciones de recreo y deporte tiene un riesgo alto debido a la manipulación de materiales y productos químicos.
3020;Fabricación de locomotoras y material ferroviario;8;Fabricación de locomotoras y material ferroviario tiene un riesgo alto por los ajustes y productos químicos utilizados.
3020;Fabricación de locomotoras y material ferroviario;8;Fabricación de locomotoras y material ferroviario tiene un riesgo alto por los ajustes y productos químicos utilizados.
3020;Fabricación de locomotoras y material ferroviario;8;Fabricación de locomotoras y material ferroviario tiene un riesgo alto por los ajustes y productos químicos utilizados.
3030;Construcción aeronáutica y espacial y su maquinaria;8;Construcción aeronáutica y espacial y su maquinaria implica un riesgo alto por el uso de compuestos y productos químicos.
3030;Construcción aeronáutica y espacial y su maquinaria;8;Construcción aeronáutica y espacial y su maquinaria implica un riesgo alto por el uso de compuestos y productos químicos.
3030;Construcción aeronáutica y espacial y su maquinaria;8;Construcción aeronáutica y espacial y su maquinaria implica un riesgo alto por el uso de compuestos y productos químicos.
3040;Fabricación de vehículos militares de combate;10;Fabricación de vehículos militares de combate tiene un riesgo muy alto debido al uso de materiales peligrosos.
3091;Fabricación de motocicletas;6;Fabricación de motocicletas tiene un riesgo medio debido a la manipulación de aceites y productos químicos.
3091;Fabricación de motocicletas;6;Fabricación de motocicletas tiene un riesgo medio debido a la manipulación de aceites y productos químicos.
3092;Fabricación de bicicletas y de vehículos para personas con discapacidad;4;Riesgo medio-bajo debido a posibles residuos generados en la fabricación de bicicletas.
3092;Fabricación de bicicletas y de vehículos para personas con discapacidad;4;Riesgo medio-bajo debido a posibles residuos generados en la fabricación de bicicletas.
3092;Fabricación de bicicletas y de vehículos para personas con discapacidad;4;Riesgo medio-bajo debido a posibles residuos generados en la fabricación de bicicletas.
3099;Fabricación de otro material de transporte n.c.o.p.;4;Riesgo medio-bajo por la posibilidad de vertidos residuales de materiales diversos.
3101;Fabricación de muebles de oficina y de establecimientos comerciales;2;Riesgo bajo, principalmente por la manufactura de muebles sin uso de sustancias peligrosas.
3101;Fabricación de muebles de oficina y de establecimientos comerciales;2;Riesgo bajo, principalmente por la manufactura de muebles sin uso de sustancias peligrosas.
3101;Fabricación de muebles de oficina y de establecimientos comerciales;2;Riesgo bajo, principalmente por la manufactura de muebles sin uso de sustancias peligrosas.
3102;Fabricación de muebles de cocina;2;Riesgo bajo por ser una actividad de fabricación de muebles sin sustancias contaminantes.
3102;Fabricación de muebles de cocina;2;Riesgo bajo por ser una actividad de fabricación de muebles sin sustancias contaminantes.
3103;Fabricación de colchones;2;Riesgo bajo ya que la fabricación de colchones no implica el uso significativo de productos químicos.
3109;Fabricación de otros muebles;2;Riesgo bajo, al ser principalmente fabricación de muebles con bajo potencial de contaminación.
3109;Fabricación de otros muebles;2;Riesgo bajo, al ser principalmente fabricación de muebles con bajo potencial de contaminación.
3109;Fabricación de otros muebles;2;Riesgo bajo, al ser principalmente fabricación de muebles con bajo potencial de contaminación.
3109;Fabricación de otros muebles;2;Riesgo bajo, al ser principalmente fabricación de muebles con bajo potencial de contaminación.
3109;Fabricación de otros muebles;2;Riesgo bajo, al ser principalmente fabricación de muebles con bajo potencial de contaminación.
3211;Fabricación de monedas;4;Riesgo medio-bajo, potencial de residuos metálicos al fabricar monedas.
3212;Fabricación de artículos de joyería y artículos similares;4;Riesgo medio-bajo por actividades que podrían generar residuos de metales y químicos.
3212;Fabricación de artículos de joyería y artículos similares;4;Riesgo medio-bajo por actividades que podrían generar residuos de metales y químicos.
3212;Fabricación de artículos de joyería y artículos similares;4;Riesgo medio-bajo por actividades que podrían generar residuos de metales y químicos.
3213;Fabricación de artículos de bisutería y artículos similares;2;Riesgo bajo, con menor implicación de sustancias contaminantes en la bisutería.
3213;Fabricación de artículos de bisutería y artículos similares;2;Riesgo bajo, con menor implicación de sustancias contaminantes en la bisutería.
3220;Fabricación de instrumentos musicales;4;Riesgo medio-bajo por posibles residuos generados en la fabricación de instrumentos musicales.
3230;Fabricación de artículos de deporte;2;Riesgo bajo al fabricar artículos de deporte, generalmente sin químicos peligrosos.
3240;Fabricación de juegos y juguetes;2;Riesgo bajo, ya que la fabricación de juguetes suele tener un impacto leve.
3250;Fabricación de instrumentos y suministros médicos y odontológicos;4;Riesgo medio-bajo por los posibles residuos en la producción de instrumentos médicos.
3250;Fabricación de instrumentos y suministros médicos y odontológicos;4;Riesgo medio-bajo por los posibles residuos en la producción de instrumentos médicos.
3250;Fabricación de instrumentos y suministros médicos y odontológicos;4;Riesgo medio-bajo por los posibles residuos en la producción de instrumentos médicos.
3250;Fabricación de instrumentos y suministros médicos y odontológicos;4;Riesgo medio-bajo por los posibles residuos en la producción de instrumentos médicos.
3250;Fabricación de instrumentos y suministros médicos y odontológicos;4;Riesgo medio-bajo por los posibles residuos en la producción de instrumentos médicos.
3250;Fabricación de instrumentos y suministros médicos y odontológicos;4;Riesgo medio-bajo por los posibles residuos en la producción de instrumentos médicos.
3250;Fabricación de instrumentos y suministros médicos y odontológicos;6;La fabricación de instrumentos médicos puede implicar el uso de sustancias químicas y manejo de residuos, generando riesgo medio.
3291;Fabricación de escobas, brochas y cepillos;4;La fabricación de escobas y brochas puede incluir procesos de la industria ligera con un riesgo medio-bajo asociado a vertidos.
3299;Otras industrias manufactureras n.c.o.p.;4;Las otras industrias manufactureras pueden variar, pero generalmente tienen un riesgo medio-bajo de vertidos.
3299;Otras industrias manufactureras n.c.o.p.;4;Las otras industrias manufactureras pueden variar, pero generalmente tienen un riesgo medio-bajo de vertidos.
3299;Otras industrias manufactureras n.c.o.p.;4;Las otras industrias manufactureras pueden variar, pero generalmente tienen un riesgo medio-bajo de vertidos.
3299;Otras industrias manufactureras n.c.o.p.;4;Las otras industrias manufactureras pueden variar, pero generalmente tienen un riesgo medio-bajo de vertidos.
3299;Otras industrias manufactureras n.c.o.p.;4;Las otras industrias manufactureras pueden variar, pero generalmente tienen un riesgo medio-bajo de vertidos.
3299;Otras industrias manufactureras n.c.o.p.;4;Las otras industrias manufactureras pueden variar, pero generalmente tienen un riesgo medio-bajo de vertidos.
3299;Otras industrias manufactureras n.c.o.p.;4;Las otras industrias manufactureras pueden variar, pero generalmente tienen un riesgo medio-bajo de vertidos.
3299;Otras industrias manufactureras n.c.o.p.;4;Las otras industrias manufactureras pueden variar, pero generalmente tienen un riesgo medio-bajo de vertidos.
3299;Otras industrias manufactureras n.c.o.p.;4;Las otras industrias manufactureras pueden variar, pero generalmente tienen un riesgo medio-bajo de vertidos.
3311;Reparación de productos metálicos;6;La reparación de productos metálicos puede generar residuos que implican un riesgo medio en vertidos.
3311;Reparación de productos metálicos;6;La reparación de productos metálicos puede generar residuos que implican un riesgo medio en vertidos.
3311;Reparación de productos metálicos;6;La reparación de productos metálicos puede generar residuos que implican un riesgo medio en vertidos.
3311;Reparación de productos metálicos;6;La reparación de productos metálicos puede generar residuos que implican un riesgo medio en vertidos.
3311;Reparación de productos metálicos;6;La reparación de productos metálicos puede generar residuos que implican un riesgo medio en vertidos.
3311;Reparación de productos metálicos;6;La reparación de productos metálicos puede generar residuos que implican un riesgo medio en vertidos.
3311;Reparación de productos metálicos;6;La reparación de productos metálicos puede generar residuos que implican un riesgo medio en vertidos.
3311;Reparación de productos metálicos;6;La reparación de productos metálicos puede generar residuos que implican un riesgo medio en vertidos.
3311;Reparación de productos metálicos;6;La reparación de productos metálicos puede generar residuos que implican un riesgo medio en vertidos.
3311;Reparación de productos metálicos;6;La reparación de productos metálicos puede generar residuos que implican un riesgo medio en vertidos.
3311;Reparación de productos metálicos;6;La reparación de productos metálicos puede generar residuos que implican un riesgo medio en vertidos.
3311;Reparación de productos metálicos;6;La reparación de productos metálicos puede generar residuos que implican un riesgo medio en vertidos.
3311;Reparación de productos metálicos;6;La reparación de productos metálicos puede generar residuos que implican un riesgo medio en vertidos.
3312;Reparación de maquinaria;6;La reparación de maquinaria puede involucrar el uso de aceite y otros líquidos, generando riesgo medio en vertidos.
3312;Reparación de maquinaria;4;La reparación de maquinaria puede generar residuos que, si no son manejados adecuadamente, pueden contaminar el alcantarillado.
3312;Reparación de maquinaria;4;La reparación de maquinaria puede generar residuos que, si no son manejados adecuadamente, pueden contaminar el alcantarillado.
3312;Reparación de maquinaria;4;La reparación de maquinaria puede generar residuos que, si no son manejados adecuadamente, pueden contaminar el alcantarillado.
3312;Reparación de maquinaria;4;La reparación de maquinaria puede generar residuos que, si no son manejados adecuadamente, pueden contaminar el alcantarillado.
3312;Reparación de maquinaria;4;La reparación de maquinaria puede generar residuos que, si no son manejados adecuadamente, pueden contaminar el alcantarillado.
3312;Reparación de maquinaria;4;La reparación de maquinaria puede generar residuos que, si no son manejados adecuadamente, pueden contaminar el alcantarillado.
3312;Reparación de maquinaria;4;La reparación de maquinaria puede generar residuos que, si no son manejados adecuadamente, pueden contaminar el alcantarillado.
3312;Reparación de maquinaria;4;La reparación de maquinaria puede generar residuos que, si no son manejados adecuadamente, pueden contaminar el alcantarillado.
3312;Reparación de maquinaria;4;La reparación de maquinaria puede generar residuos que, si no son manejados adecuadamente, pueden contaminar el alcantarillado.
3312;Reparación de maquinaria;4;La reparación de maquinaria puede generar residuos que, si no son manejados adecuadamente, pueden contaminar el alcantarillado.
3312;Reparación de maquinaria;4;La reparación de maquinaria puede generar residuos que, si no son manejados adecuadamente, pueden contaminar el alcantarillado.
3312;Reparación de maquinaria;4;La reparación de maquinaria puede generar residuos que, si no son manejados adecuadamente, pueden contaminar el alcantarillado.
3312;Reparación de maquinaria;4;La reparación de maquinaria puede generar residuos que, si no son manejados adecuadamente, pueden contaminar el alcantarillado.
3312;Reparación de maquinaria;4;La reparación de maquinaria puede generar residuos que, si no son manejados adecuadamente, pueden contaminar el alcantarillado.
3312;Reparación de maquinaria;4;La reparación de maquinaria puede generar residuos que, si no son manejados adecuadamente, pueden contaminar el alcantarillado.
3312;Reparación de maquinaria;4;La reparación de maquinaria puede generar residuos que, si no son manejados adecuadamente, pueden contaminar el alcantarillado.
3313;Reparación de equipos electrónicos y ópticos;4;La reparación de equipos electrónicos puede generar residuos peligrosos que requieren un manejo especial.
3313;Reparación de equipos electrónicos y ópticos;4;La reparación de equipos electrónicos puede generar residuos peligrosos que requieren un manejo especial.
3313;Reparación de equipos electrónicos y ópticos;0;Sin riesgo significativo asociado a la reparación de equipos electrónicos y ópticos.
3313;Reparación de equipos electrónicos y ópticos;0;Sin riesgo significativo asociado a la reparación de equipos electrónicos y ópticos.
3313;Reparación de equipos electrónicos y ópticos;0;Sin riesgo significativo asociado a la reparación de equipos electrónicos y ópticos.
3313;Reparación de equipos electrónicos y ópticos;0;Sin riesgo significativo asociado a la reparación de equipos electrónicos y ópticos.
3314;Reparación de equipos eléctricos;0;Sin riesgo significativo asociado a la reparación de equipos eléctricos.
3314;Reparación de equipos eléctricos;0;Sin riesgo significativo asociado a la reparación de equipos eléctricos.
3314;Reparación de equipos eléctricos;0;Sin riesgo significativo asociado a la reparación de equipos eléctricos.
3314;Reparación de equipos eléctricos;0;Sin riesgo significativo asociado a la reparación de equipos eléctricos.
3314;Reparación de equipos eléctricos;0;Sin riesgo significativo asociado a la reparación de equipos eléctricos.
3315;Reparación y mantenimiento naval;0;Sin riesgo significativo asociado a la reparación y mantenimiento naval.
3315;Reparación y mantenimiento naval;0;Sin riesgo significativo asociado a la reparación y mantenimiento naval.
3316;Reparación y mantenimiento aeronáutico y espacial;0;Sin riesgo significativo asociado a la reparación y mantenimiento aeronáutico y espacial.
3317;Reparación y mantenimiento de otro material de transporte;0;Sin riesgo significativo asociado a la reparación y mantenimiento de otro material de transporte.
3317;Reparación y mantenimiento de otro material de transporte;0;Sin riesgo significativo asociado a la reparación y mantenimiento de otro material de transporte.
3317;Reparación y mantenimiento de otro material de transporte;0;Sin riesgo significativo asociado a la reparación y mantenimiento de otro material de transporte.
3317;Reparación y mantenimiento de otro material de transporte;0;Sin riesgo significativo asociado a la reparación y mantenimiento de otro material de transporte.
3319;Reparación de otros equipos;0;Sin riesgo significativo asociado a la reparación de otros equipos.
3319;Reparación de otros equipos;0;Sin riesgo significativo asociado a la reparación de otros equipos.
3319;Reparación de otros equipos;0;Sin riesgo significativo asociado a la reparación de otros equipos.
3319;Reparación de otros equipos;0;Sin riesgo significativo asociado a la reparación de otros equipos.
3319;Reparación de otros equipos;0;Sin riesgo significativo asociado a la reparación de otros equipos.
3319;Reparación de otros equipos;0;Sin riesgo significativo asociado a la reparación de otros equipos.
3319;Reparación de otros equipos;0;Sin riesgo significativo asociado a la reparación de otros equipos.
3319;Reparación de otros equipos;0;Sin riesgo significativo asociado a la reparación de otros equipos.
3319;Reparación de otros equipos;0;Sin riesgo significativo asociado a la reparación de otros equipos.
3320;Instalación de máquinas y equipos industriales;0;Sin riesgo significativo asociado a la instalación de máquinas y equipos industriales.
3320;Instalación de máquinas y equipos industriales;0;Sin riesgo significativo asociado a la instalación de máquinas y equipos industriales.
3320;Instalación de máquinas y equipos industriales;0;Sin riesgo significativo asociado a la instalación de máquinas y equipos industriales.
3320;Instalación de máquinas y equipos industriales;0;Sin riesgo significativo asociado a la instalación de máquinas y equipos industriales.
3320;Instalación de máquinas y equipos industriales;0;Sin riesgo significativo asociado a la instalación de máquinas y equipos industriales.
3320;Instalación de máquinas y equipos industriales;8;La instalación de máquinas y equipos industriales puede implicar la manipulación de lubricantes, refrigerantes y otras sustancias químicas que pueden representar un riesgo alto de vertidos.
3320;Instalación de máquinas y equipos industriales;8;La instalación de máquinas y equipos industriales puede implicar la manipulación de lubricantes, refrigerantes y otras sustancias químicas que pueden representar un riesgo alto de vertidos.
3320;Instalación de máquinas y equipos industriales;8;La instalación de máquinas y equipos industriales puede implicar la manipulación de lubricantes, refrigerantes y otras sustancias químicas que pueden representar un riesgo alto de vertidos.
3320;Instalación de máquinas y equipos industriales;8;La instalación de máquinas y equipos industriales puede implicar la manipulación de lubricantes, refrigerantes y otras sustancias químicas que pueden representar un riesgo alto de vertidos.
3320;Instalación de máquinas y equipos industriales;8;La instalación de máquinas y equipos industriales puede implicar la manipulación de lubricantes, refrigerantes y otras sustancias químicas que pueden representar un riesgo alto de vertidos.
3320;Instalación de máquinas y equipos industriales;8;La instalación de máquinas y equipos industriales puede implicar la manipulación de lubricantes, refrigerantes y otras sustancias químicas que pueden representar un riesgo alto de vertidos.
3320;Instalación de máquinas y equipos industriales;8;La instalación de máquinas y equipos industriales puede implicar la manipulación de lubricantes, refrigerantes y otras sustancias químicas que pueden representar un riesgo alto de vertidos.
3320;Instalación de máquinas y equipos industriales;8;La instalación de máquinas y equipos industriales puede implicar la manipulación de lubricantes, refrigerantes y otras sustancias químicas que pueden representar un riesgo alto de vertidos.
3320;Instalación de máquinas y equipos industriales;8;La instalación de máquinas y equipos industriales puede implicar la manipulación de lubricantes, refrigerantes y otras sustancias químicas que pueden representar un riesgo alto de vertidos.
3320;Instalación de máquinas y equipos industriales;8;La instalación de máquinas y equipos industriales puede implicar la manipulación de lubricantes, refrigerantes y otras sustancias químicas que pueden representar un riesgo alto de vertidos.
3320;Instalación de máquinas y equipos industriales;8;La instalación de máquinas y equipos industriales puede implicar la manipulación de lubricantes, refrigerantes y otras sustancias químicas que pueden representar un riesgo alto de vertidos.
3320;Instalación de máquinas y equipos industriales;8;La instalación de máquinas y equipos industriales puede implicar la manipulación de lubricantes, refrigerantes y otras sustancias químicas que pueden representar un riesgo alto de vertidos.
3320;Instalación de máquinas y equipos industriales;8;La instalación de máquinas y equipos industriales puede implicar la manipulación de lubricantes, refrigerantes y otras sustancias químicas que pueden representar un riesgo alto de vertidos.
3320;Instalación de máquinas y equipos industriales;8;La instalación de máquinas y equipos industriales puede implicar la manipulación de lubricantes, refrigerantes y otras sustancias químicas que pueden representar un riesgo alto de vertidos.
3320;Instalación de máquinas y equipos industriales;8;La instalación de máquinas y equipos industriales puede implicar la manipulación de lubricantes, refrigerantes y otras sustancias químicas que pueden representar un riesgo alto de vertidos.
3320;Instalación de máquinas y equipos industriales;8;La instalación de máquinas y equipos industriales puede implicar la manipulación de lubricantes, refrigerantes y otras sustancias químicas que pueden representar un riesgo alto de vertidos.
3320;Instalación de máquinas y equipos industriales;8;La instalación de máquinas y equipos industriales puede implicar la manipulación de lubricantes, refrigerantes y otras sustancias químicas que pueden representar un riesgo alto de vertidos.
3320;Instalación de máquinas y equipos industriales;8;La instalación de máquinas y equipos industriales puede implicar la manipulación de lubricantes, refrigerantes y otras sustancias químicas que pueden representar un riesgo alto de vertidos.
3320;Instalación de máquinas y equipos industriales;8;La instalación de máquinas y equipos industriales puede implicar la manipulación de lubricantes, refrigerantes y otras sustancias químicas que pueden representar un riesgo alto de vertidos.
3320;Instalación de máquinas y equipos industriales;8;La instalación de máquinas y equipos industriales puede implicar la manipulación de lubricantes, refrigerantes y otras sustancias químicas que pueden representar un riesgo alto de vertidos.
3320;Instalación de máquinas y equipos industriales;6;Instalación de maquinaria puede implicar vertidos de lubricantes y otros fluidos.
3320;Instalación de máquinas y equipos industriales;6;Instalación de maquinaria puede implicar vertidos de lubricantes y otros fluidos.
3320;Instalación de máquinas y equipos industriales;6;Instalación de maquinaria puede implicar vertidos de lubricantes y otros fluidos.
3320;Instalación de máquinas y equipos industriales;6;Instalación de maquinaria puede implicar vertidos de lubricantes y otros fluidos.
3512;Transporte de energía eléctrica;0;Transporte de energía eléctrica no implica vertidos al alcantarillado.
3513;Distribución de energía eléctrica;0;Distribución de energía eléctrica no implica vertidos al alcantarillado.
3514;Comercio de energía eléctrica;0;Comercio de energía eléctrica no implica vertidos al alcantarillado.
3515;Producción de energía hidroeléctrica;0;Producción de energía hidroeléctrica no implica vertidos al alcantarillado.
3516;Producción de energía eléctrica de origen térmico convencional;0;Producción de energía eléctrica de origen térmico convencional no implica vertidos al alcantarillado.
3517;Producción de energía eléctrica de origen nuclear;0;Producción de energía eléctrica de origen nuclear no implica vertidos al alcantarillado.
3518;Producción de energía eléctrica de origen eólico;0;Producción de energía eléctrica de origen eólico no implica vertidos al alcantarillado.
3519;Producción de energía eléctrica de otros tipos;0;Producción de energía eléctrica de otros tipos no implica vertidos al alcantarillado.
3521;Producción de gas;0;Producción de gas no implica vertidos al alcantarillado.
3522;Distribución por tubería de combustibles gaseosos;0;Distribución por tubería de combustibles gaseosos no implica vertidos al alcantarillado.
3523;Comercio de gas por tubería;0;Comercio de gas por tubería no implica vertidos al alcantarillado.
3530;Suministro de vapor y aire acondicionado;0;Suministro de vapor y aire acondicionado no implica vertidos al alcantarillado.
3530;Suministro de vapor y aire acondicionado;0;Suministro de vapor y aire acondicionado no implica vertidos al alcantarillado.
3600;Captación, depuración y distribución de agua;0;Captación, depuración y distribución de agua no implica vertidos al alcantarillado.
3700;Recogida y tratamiento de aguas residuales;10;Recogida y tratamiento de aguas residuales implica el manejo directo de vertidos.
3811;Recogida de residuos no peligrosos;2;Recogida de residuos no peligrosos puede generar algunos vertidos menores.
3811;Recogida de residuos no peligrosos;2;Recogida de residuos no peligrosos puede generar algunos vertidos menores.
3812;Recogida de residuos peligrosos;10;Recogida de residuos peligrosos implica la gestión de materiales altamente contaminantes.
3812;Recogida de residuos peligrosos;10;Recogida de residuos peligrosos implica la gestión de materiales altamente contaminantes.
3821;Tratamiento y eliminación de residuos no peligrosos;6;Tratamiento y eliminación de residuos no peligrosos puede generar vertidos.
3822;Tratamiento y eliminación de residuos peligrosos;10;Tratamiento y eliminación de residuos peligrosos implica un alto riesgo de vertidos.
3822;Tratamiento y eliminación de residuos peligrosos;10;Tratamiento y eliminación de residuos peligrosos implica un alto riesgo de vertidos.
3831;Separación y clasificación de materiales;4;Separación y clasificación de materiales puede generar residuos líquidos.
3831;Separación y clasificación de materiales;4;Separación y clasificación de materiales puede generar residuos líquidos.
3832;Valorización de materiales ya clasificados;4;Valorización de materiales ya clasificados puede generar residuos líquidos.
3832;Valorización de materiales ya clasificados;4;Valorización de materiales ya clasificados puede generar residuos líquidos.
3900;Actividades de descontaminación y otros servicios de gestión de residuos;10;Gestión de residuos puede implicar vertidos peligrosos.
4110;Promoción inmobiliaria;0;Promoción inmobiliaria sin riesgo asociado a vertidos.
4110;Promoción inmobiliaria;0;Promoción inmobiliaria sin riesgo asociado a vertidos.
4121;Construcción de edificios residenciales;4;Construcción de edificios residenciales puede generar residuos, pero generalmente bajo riesgo.
4121;Construcción de edificios residenciales;4;Construcción de edificios residenciales puede generar residuos, pero generalmente bajo riesgo.
4121;Construcción de edificios residenciales;4;Construcción de edificios residenciales puede generar residuos, pero generalmente bajo riesgo.
4121;Construcción de edificios residenciales;4;Construcción de edificios residenciales puede generar residuos, pero generalmente bajo riesgo.
4122;Construcción de edificios no residenciales;4;Construcción de edificios no residenciales puede generar residuos, pero generalmente bajo riesgo.
4122;Construcción de edificios no residenciales;4;Construcción de edificios no residenciales puede generar residuos, pero generalmente bajo riesgo.
4122;Construcción de edificios no residenciales;4;Construcción de edificios no residenciales puede generar residuos, pero generalmente bajo riesgo.
4122;Construcción de edificios no residenciales;4;Construcción de edificios no residenciales puede generar residuos, pero generalmente bajo riesgo.
4122;Construcción de edificios no residenciales;4;Construcción de edificios no residenciales puede generar residuos, pero generalmente bajo riesgo.
4211;Construcción de carreteras y autopistas;4;Construcción de carreteras puede generar residuos y contaminantes.
4212;Construcción de vías férreas de superficie y subterráneas;4;Construcción de vías férreas puede generar residuos y contaminantes.
4212;Construcción de vías férreas de superficie y subterráneas;4;Construcción de vías férreas puede generar residuos y contaminantes.
4213;Construcción de puentes y túneles;4;Construcción de puentes y túneles puede generar residuos y contaminantes.
4213;Construcción de puentes y túneles;4;Construcción de puentes y túneles puede generar residuos y contaminantes.
4221;Construcción de redes para fluidos;4;Construcción de redes para fluidos puede implicar gestión de residuos.
4221;Construcción de redes para fluidos;4;Construcción de redes para fluidos puede implicar gestión de residuos.
4221;Construcción de redes para fluidos;4;Construcción de redes para fluidos puede implicar gestión de residuos.
4222;Construcción de redes eléctricas y de telecomunicaciones;4;Construcción de redes eléctricas puede generar residuos, pero generalmente bajo riesgo.
4222;Construcción de redes eléctricas y de telecomunicaciones;4;Construcción de redes eléctricas puede generar residuos, pero generalmente bajo riesgo.
4222;Construcción de redes eléctricas y de telecomunicaciones;4;Construcción de redes eléctricas puede generar residuos, pero generalmente bajo riesgo.
4291;Obras hidráulicas;4;Obras hidráulicas pueden generar residuos y contaminantes.
4299;Construcción de otros proyectos de ingeniería civil n.c.o.p.;4;Construcción de proyectos de ingeniería civil puede generar residuos y contaminantes.
4299;Construcción de otros proyectos de ingeniería civil n.c.o.p.;4;Construcción de proyectos de ingeniería civil puede generar residuos y contaminantes.
4311;Demolición;4;Demolición puede generar residuos y vertidos.
4312;Preparación de terrenos;4;Preparación de terrenos puede generar residuos.
4312;Preparación de terrenos;4;Preparación de terrenos puede generar residuos.
4313;Perforaciones y sondeos;4;Perforaciones y sondeos pueden generar residuos y contaminación.
4321;Instalaciones eléctricas;0;Actividad sin riesgo de vertidos, vinculada a instalaciones eléctricas.
4321;Instalaciones eléctricas;0;Actividad sin riesgo de vertidos, vinculada a instalaciones eléctricas.
4322;Fontanería, instalaciones de sistemas de calefacción y aire acondicionado;2;Riesgo bajo por posibles residuos de trabajos de fontanería y instalaciones.
4322;Fontanería, instalaciones de sistemas de calefacción y aire acondicionado;2;Riesgo bajo por posibles residuos de trabajos de fontanería y instalaciones.
4322;Fontanería, instalaciones de sistemas de calefacción y aire acondicionado;2;Riesgo bajo por posibles residuos de trabajos de fontanería y instalaciones.
4322;Fontanería, instalaciones de sistemas de calefacción y aire acondicionado;2;Riesgo bajo por posibles residuos de trabajos de fontanería y instalaciones.
4329;Otras instalaciones en obras de construcción;2;Riesgo bajo por actividades relacionadas con otras instalaciones en construcción.
4329;Otras instalaciones en obras de construcción;2;Riesgo bajo por actividades relacionadas con otras instalaciones en construcción.
4329;Otras instalaciones en obras de construcción;2;Riesgo bajo por actividades relacionadas con otras instalaciones en construcción.
4329;Otras instalaciones en obras de construcción;2;Riesgo bajo por actividades relacionadas con otras instalaciones en construcción.
4329;Otras instalaciones en obras de construcción;2;Riesgo bajo por actividades relacionadas con otras instalaciones en construcción.
4329;Otras instalaciones en obras de construcción;2;Riesgo bajo por actividades relacionadas con otras instalaciones en construcción.
4329;Otras instalaciones en obras de construcción;2;Riesgo bajo por actividades relacionadas con otras instalaciones en construcción.
4331;Revocamiento;0;Actividad sin riesgo de vertidos, vinculada a revocamiento.
4332;Instalación de carpintería;0;Actividad sin riesgo de vertidos, vinculada a la instalación de carpintería.
4332;Instalación de carpintería;0;Actividad sin riesgo de vertidos, vinculada a la instalación de carpintería.
4332;Instalación de carpintería;0;Actividad sin riesgo de vertidos, vinculada a la instalación de carpintería.
4333;Revestimiento de suelos y paredes;0;Actividad sin riesgo de vertidos, vinculada a revestimiento de suelos y paredes.
4334;Pintura y acristalamiento;2;Riesgo bajo por residuos de pintura en trabajos de acristalamiento.
4334;Pintura y acristalamiento;2;Riesgo bajo por residuos de pintura en trabajos de acristalamiento.
4339;Otro acabado de edificios;2;Riesgo bajo por acabados que podrían generar residuos.
4391;Construcción de cubiertas;2;Riesgo bajo por residuos generados en construcción de cubiertas.
4399;Otras actividades de construcción especializada n.c.o.p.;2;Riesgo bajo por actividades de construcción especializada.
4399;Otras actividades de construcción especializada n.c.o.p.;2;Riesgo bajo por actividades de construcción especializada.
4399;Otras actividades de construcción especializada n.c.o.p.;2;Riesgo bajo por actividades de construcción especializada.
4399;Otras actividades de construcción especializada n.c.o.p.;2;Riesgo bajo por actividades de construcción especializada.
4399;Otras actividades de construcción especializada n.c.o.p.;2;Riesgo bajo por actividades de construcción especializada.
4399;Otras actividades de construcción especializada n.c.o.p.;2;Riesgo bajo por actividades de construcción especializada.
4399;Otras actividades de construcción especializada n.c.o.p.;2;Riesgo bajo por actividades de construcción especializada.
4399;Otras actividades de construcción especializada n.c.o.p.;2;Riesgo bajo por actividades de construcción especializada.
4399;Otras actividades de construcción especializada n.c.o.p.;2;Riesgo bajo por actividades de construcción especializada.
4511;Venta de automóviles y vehículos de motor ligeros;0;Venta de vehículos sin procesos de manufactura ni vertidos industriales.
4511;Venta de automóviles y vehículos de motor ligeros;0;Venta de vehículos sin procesos de manufactura ni vertidos industriales.
4519;Venta de otros vehículos de motor;0;Venta de vehículos sin procesos de manufactura ni vertidos industriales.
4519;Venta de otros vehículos de motor;0;Venta de vehículos sin procesos de manufactura ni vertidos industriales.
4520;Mantenimiento y reparación de vehículos de motor;2;Mantenimiento puede generar residuos, pero riesgo es bajo.
4531;Comercio al por mayor de repuestos y accesorios de vehículos de motor;2;Comercio general de repuestos, bajo riesgo de vertidos.
4532;Comercio al por menor de repuestos y accesorios de vehículos de motor;2;Comercio al por menor de repuestos, bajo riesgo de vertidos.
4540;Venta, mantenimiento y reparación de motocicletas y de sus repuestos y accesorios;2;Mantenimiento de motocicletas puede generar residuos, pero riesgo es bajo.
4611;Intermediarios del comercio de materias primas agrarias, animales vivos, materias primas textiles y productos semielaborados;2;Intermediarios con bajo riesgo de vertidos industriales.
4612;Intermediarios del comercio de combustibles, minerales, metales y productos químicos industriales;4;Intermediación de productos químicos puede conllevar riesgos.
4613;Intermediarios del comercio de la madera y materiales de construcción;0;Comercio de madera sin riesgo de vertidos industriales.
4614;Intermediarios del comercio de maquinaria, equipo industrial, embarcaciones y aeronaves;0;Intermediarios del comercio sin riesgo de vertidos industriales.
4615;Intermediarios del comercio de muebles, artículos para el hogar y ferretería;0;Intermediarios de muebles y artículos para el hogar sin riesgo.
4616;Intermediarios del comercio de textiles, prendas de vestir, peletería, calzado y artículos de cuero;0;Intermediarios del comercio sin riesgo de vertidos industriales.
4617;Intermediarios del comercio de productos alimenticios, bebidas y tabaco;2;Intermediarios en alimentos, riesgo bajo de vertidos.
4618;Intermediarios del comercio especializados en la venta de otros productos específicos;0;Intermediarios del comercio sin riesgo de vertidos industriales.
4619;Intermediarios del comercio de productos diversos;0;Intermediarios del comercio sin riesgo de vertidos industriales.
4621;Comercio al por mayor de cereales, tabaco en rama, simientes y alimentos para animales;2;Comercio de cereales y alimentos para animales, bajo riesgo.
4621;Comercio al por mayor de cereales, tabaco en rama, simientes y alimentos para animales;2;Comercio de cereales y alimentos para animales, bajo riesgo.
4622;Comercio al por mayor de flores y plantas;0;Comercio de flores y plantas sin riesgo de vertidos.
4623;Comercio al por mayor de animales vivos;0;Comercio de animales vivos sin riesgo de vertidos.
4624;Comercio al por mayor de cueros y pieles;2;Comercio de cueros, bajo riesgo de vertidos.
4631;Comercio al por mayor de frutas y hortalizas;2;Comercio de frutas y hortalizas, bajo riesgo.
4631;Comercio al por mayor de frutas y hortalizas;2;Comercio de frutas y hortalizas, bajo riesgo.
4632;Comercio al por mayor de carne y productos cárnicos;6;Comercio de carne y productos cárnicos puede generar residuos.
4632;Comercio al por mayor de carne y productos cárnicos;6;Comercio de carne y productos cárnicos puede generar residuos.
4632;Comercio al por mayor de carne y productos cárnicos;6;Comercio de carne y productos cárnicos puede generar residuos.
4633;Comercio al por mayor de productos lácteos, huevos, aceites y grasas comestibles;6;Comercio de productos lácteos y comestibles, riesgo de vertidos.
4634;Comercio al por mayor de bebidas;4;Comercio de bebidas puede generar residuos líquidos.
4635;Comercio al por mayor de productos del tabaco;2;Comercio de productos del tabaco tiene bajo riesgo de vertidos.
4636;Comercio al por mayor de azúcar, chocolate y confitería;2;Comercio al por mayor de productos alimenticios con bajo riesgo de vertidos.
4637;Comercio al por mayor de café, té, cacao y especias;2;Comercio al por mayor de productos alimenticios con bajo riesgo de vertidos.
4638;Comercio al por mayor de pescados, mariscos y otros productos alimenticios;6;Comercio al por mayor de pescados y mariscos implica manejo de productos que pueden generar vertidos.
4639;Comercio al por mayor, no especializado, de productos alimenticios, bebidas y tabaco;2;Comercio al por mayor de productos alimenticios con bajo riesgo de vertidos.
4641;Comercio al por mayor de textiles;2;Comercio de textiles con bajo riesgo de vertidos.
4642;Comercio al por mayor de prendas de vestir y calzado;2;Comercio de prendas y calzado con bajo riesgo de vertidos.
4643;Comercio al por mayor de aparatos electrodomésticos;2;Comercio de electrodomésticos con bajo riesgo de vertidos.
4644;Comercio al por mayor de porcelana, cristalería y artículos de limpieza;2;Comercio de artículos de limpieza con bajo riesgo de vertidos.
4645;Comercio al por mayor de productos de perfumería y cosmética;2;Comercio de productos de perfumería y cosmética con bajo riesgo de vertidos.
4646;Comercio al por mayor de productos farmacéuticos;2;Comercio de productos farmacéuticos con bajo riesgo de vertidos.
4647;Comercio al por mayor de muebles, alfombras y aparatos de iluminación;2;Comercio de muebles y decoración con bajo riesgo de vertidos.
4648;Comercio al por mayor de artículos de relojería y joyería;2;Comercio de artículos de relojería y joyería con bajo riesgo de vertidos.
4649;Comercio al por mayor de otros artículos de uso doméstico;2;Comercio de artículos de uso doméstico con bajo riesgo de vertidos.
4651;Comercio al por mayor de ordenadores, equipos periféricos y programas informáticos;2;Comercio de informática con bajo riesgo de vertidos.
4652;Comercio al por mayor de equipos electrónicos y de telecomunicaciones y sus componentes;2;Comercio de equipos electrónicos con bajo riesgo de vertidos.
4661;Comercio al por mayor de maquinaria, equipos y suministros agrícolas;2;Comercio de maquinaria agrícola con bajo riesgo de vertidos.
4662;Comercio al por mayor de máquinas herramienta;2;Comercio de máquinas herramienta con bajo riesgo de vertidos.
4663;Comercio al por mayor de maquinaria para la minería, la construcción y la ingeniería civil;2;Comercio que no implica procesos productivos directos.
4664;Comercio al por mayor de maquinaria para la industria textil y de máquinas de coser y tricotar;2;Comercio sin manipulación de productos químicos o peligrosos.
4665;Comercio al por mayor de muebles de oficina;2;Comercio que no implica riesgos significativos de vertido.
4666;Comercio al por mayor de otra maquinaria y equipo de oficina;2;Actividad de comercio sin riesgos relevantes para el alcantarillado.
4669;Comercio al por mayor de otra maquinaria y equipo;2;Comercio general que no implica riesgo de vertidos.
4671;Comercio al por mayor de combustibles sólidos, líquidos y gaseosos, y productos similares;4;Comercio de combustibles que puede conllevar riesgos moderados.
4672;Comercio al por mayor de metales y minerales metálicos;4;Comercio de metales que implica algunos riesgos de contaminantes.
4673;Comercio al por mayor de madera, materiales de construcción y aparatos sanitarios;2;Comercio de madera que no presenta un riesgo significativo.
4674;Comercio al por mayor de ferretería, fontanería y calefacción;4;Comercio de ferretería y fontanería puede incluir productos químicos.
4675;Comercio al por mayor de productos químicos;6;Comercio de productos químicos tiene un riesgo potencial más elevado.
4676;Comercio al por mayor de otros productos semielaborados;2;Comercio de productos semielaborados sin riesgos significativos.
4677;Comercio al por mayor de chatarra y productos de desecho;4;Comercio de chatarra puede incluir contaminantes en el proceso.
4690;Comercio al por mayor no especializado;2;Comercio no especializado sin riesgos relevantes de vertido.
4711;Comercio al por menor en establecimientos no especializados, con predominio en productos alimenticios, bebidas y tabaco;6;Comercio de alimentos y bebidas puede generar residuos líquidos.
4711;Comercio al por menor en establecimientos no especializados, con predominio en productos alimenticios, bebidas y tabaco;2;Comercio de productos alimenticios con bajo riesgo de vertidos.
4719;Otro comercio al por menor en establecimientos no especializados;2;Comercio general sin manipulación de productos de riesgo.
4719;Otro comercio al por menor en establecimientos no especializados;2;Comercio general sin manipulación de productos de riesgo.
4719;Otro comercio al por menor en establecimientos no especializados;2;Comercio general sin manipulación de productos de riesgo.
4721;Comercio al por menor de frutas y hortalizas en establecimientos especializados;2;Comercio de frutas y hortalizas, bajo riesgo de vertidos.
4721;Comercio al por menor de frutas y hortalizas en establecimientos especializados;2;Comercio de frutas y hortalizas, bajo riesgo de vertidos.
4722;Comercio al por menor de carne y productos cárnicos en establecimientos especializados;4;Comercio de carne y productos cárnicos, riesgo medio-bajo por manipulación.
4723;Comercio al por menor de pescados y mariscos en establecimientos especializados;4;Comercio de pescados y mariscos, riesgo medio-bajo por manipulación.
4724;Comercio al por menor de pan y productos de panadería, confitería y pastelería en establecimientos especializados;2;Comercio de pan y pastelería, bajo riesgo de vertidos.
4725;Comercio al por menor de bebidas en establecimientos especializados;2;Comercio de bebidas, bajo riesgo de vertidos.
4726;Comercio al por menor de productos de tabaco en establecimientos especializados;2;Comercio de tabaco, bajo riesgo de vertidos.
4729;Otro comercio al por menor de productos alimenticios en establecimientos especializados;2;Comercio de otros productos alimenticios, bajo riesgo de vertidos.
4729;Otro comercio al por menor de productos alimenticios en establecimientos especializados;2;Comercio de otros productos alimenticios, bajo riesgo de vertidos.
4730;Comercio al por menor de combustible para la automoción en establecimientos especializados;2;Comercio de combustible, bajo riesgo de vertidos.
4741;Comercio al por menor de ordenadores, equipos periféricos y programas informáticos en establecimientos especializados;2;Comercio de tecnología, bajo riesgo de vertidos.
4742;Comercio al por menor de equipos de telecomunicaciones en establecimientos especializados;2;Comercio de equipos de telecomunicaciones, bajo riesgo de vertidos.
4742;Comercio al por menor de equipos de telecomunicaciones en establecimientos especializados;2;Comercio de equipos de telecomunicaciones, bajo riesgo de vertidos.
4743;Comercio al por menor de equipos de audio y vídeo en establecimientos especializados;2;Comercio de equipos de audio y vídeo, bajo riesgo de vertidos.
4751;Comercio al por menor de textiles en establecimientos especializados;2;Comercio de textiles, bajo riesgo de vertidos.
4752;Comercio al por menor de ferretería, pintura y vidrio en establecimientos especializados;2;Comercio de ferretería y pintura, bajo riesgo de vertidos.
4752;Comercio al por menor de ferretería, pintura y vidrio en establecimientos especializados;2;Comercio de ferretería y pintura, bajo riesgo de vertidos.
4752;Comercio al por menor de ferretería, pintura y vidrio en establecimientos especializados;2;Comercio de ferretería y pintura, bajo riesgo de vertidos.
4753;Comercio al por menor de alfombras, moquetas y revestimientos de paredes y suelos en establecimientos especializados;2;Comercio de alfombras y revestimientos, bajo riesgo de vertidos.
4753;Comercio al por menor de alfombras, moquetas y revestimientos de paredes y suelos en establecimientos especializados;2;Comercio de alfombras y revestimientos, bajo riesgo de vertidos.
4754;Comercio al por menor de aparatos electrodomésticos en establecimientos especializados;2;Comercio de electrodomésticos, bajo riesgo de vertidos.
4759;Comercio al por menor de muebles, aparatos de iluminación y otros artículos de uso doméstico en establecimientos especializados;2;Comercio de muebles y artículos domésticos, bajo riesgo de vertidos.
4759;Comercio al por menor de muebles, aparatos de iluminación y otros artículos de uso doméstico en establecimientos especializados;2;Comercio de muebles y artículos domésticos, bajo riesgo de vertidos.
4761;Comercio al por menor de libros en establecimientos especializados;2;Comercio de libros, bajo riesgo de vertidos.
4762;Comercio al por menor de periódicos y artículos de papelería en establecimientos especializados;2;Comercio de periódicos y papelería, bajo riesgo de vertidos.
4763;Comercio al por menor de grabaciones de música y vídeo en establecimientos especializados;2;Comercio de grabaciones de música y vídeo, bajo riesgo de vertidos.
4764;Comercio al por menor de artículos deportivos en establecimientos especializados;2;Comercio al por menor de artículos deportivos sin manipulación significativa de productos químicos.
4765;Comercio al por menor de juegos y juguetes en establecimientos especializados;2;Comercio al por menor de juegos y juguetes sin riesgo de vertidos.
4771;Comercio al por menor de prendas de vestir en establecimientos especializados;2;Comercio al por menor de prendas de vestir sin manipulación riesgosa.
4772;Comercio al por menor de calzado y artículos de cuero en establecimientos especializados;2;Comercio al por menor de calzado y artículos de cuero sin riesgo de vertidos.
4773;Comercio al por menor de productos farmacéuticos en establecimientos especializados;2;Comercio al por menor de productos farmacéuticos sin riesgo para el saneamiento.
4774;Comercio al por menor de artículos médicos y ortopédicos en establecimientos especializados;2;Comercio al por menor de artículos médicos sin riesgo significativo.
4775;Comercio al por menor de productos cosméticos e higiénicos en establecimientos especializados;2;Comercio al por menor de productos cosméticos sin manejo de productos peligrosos.
4776;Comercio al por menor de flores, plantas, semillas, fertilizantes, animales de compañía y alimentos para los mismos en establecimientos especializados;2;Comercio al por menor de flores y plantas sin riesgo de vertidos.
4777;Comercio al por menor de artículos de relojería y joyería en establecimientos especializados;2;Comercio al por menor de artículos de relojería sin riesgo considerable.
4778;Otro comercio al por menor de artículos nuevos en establecimientos especializados;2;Comercio al por menor de artículos nuevos sin peligro para el saneamiento.
4779;Comercio al por menor de artículos de segunda mano en establecimientos especializados;2;Comercio al por menor de artículos de segunda mano sin riesgo significativo.
4781;Comercio al por menor de productos alimenticios, bebidas y tabaco en puestos de venta y mercadillos;4;Comercio al por menor de productos alimenticios que puede generar residuos alimentarios.
4782;Comercio al por menor de productos textiles, prendas de vestir y calzado en puestos de venta y mercadillos;2;Comercio al por menor de productos textiles con bajo riesgo de vertidos.
4789;Comercio al por menor de otros productos en puestos de venta y mercadillos;2;Comercio al por menor de otros productos sin alto riesgo de vertidos.
4791;Comercio al por menor por correspondencia o Internet;2;Comercio al por menor por Internet sin riesgo significativo de vertidos.
4799;Otro comercio al por menor no realizado ni en establecimientos, ni en puestos de venta ni en mercadillos;2;Otro comercio al por menor sin manejo de productos peligrosos.
4910;Transporte interurbano de pasajeros por ferrocarril;0;Transporte interurbano de pasajeros sin riesgo de vertidos.
4920;Transporte de mercancías por ferrocarril;0;Transporte de mercancías por ferrocarril sin riesgo alto de vertidos.
4931;Transporte terrestre urbano y suburbano de pasajeros;0;Transporte terrestre urbano de pasajeros sin riesgo de vertidos.
4932;Transporte por taxi;0;Transporte por taxi sin riesgo significativo de vertidos.
4939;Otros tipos de transporte terrestre de pasajeros n.c.o.p.;0;Sin riesgo asociado a la actividad de transporte terrestre de pasajeros.
4939;Otros tipos de transporte terrestre de pasajeros n.c.o.p.;0;Sin riesgo asociado a la actividad de transporte terrestre de pasajeros.
4939;Otros tipos de transporte terrestre de pasajeros n.c.o.p.;0;Sin riesgo asociado a la actividad de transporte terrestre de pasajeros.
4941;Transporte de mercancías por carretera;2;Riesgo bajo debido al transporte de mercancías sin procesos industriales complejos.
4941;Transporte de mercancías por carretera;2;Riesgo bajo debido al transporte de mercancías sin procesos industriales complejos.
4942;Servicios de mudanza;2;Riesgo bajo en servicios de mudanza, sin manipulación de sustancias peligrosas.
4950;Transporte por tubería;2;Riesgo bajo en el transporte por tubería, generalmente sin vertidos industriales.
5010;Transporte marítimo de pasajeros;0;Sin riesgo asociado al transporte marítimo de pasajeros.
5020;Transporte marítimo de mercancías;2;Riesgo bajo en el transporte marítimo de mercancías, generalmente sin procesos industriales críticos.
5030;Transporte de pasajeros por vías navegables interiores;0;Sin riesgo asociado al transporte de pasajeros por vías navegables interiores.
5040;Transporte de mercancías por vías navegables interiores;2;Riesgo bajo en el transporte de mercancías por vías navegables interiores.
5110;Transporte aéreo de pasajeros;0;Sin riesgo asociado al transporte aéreo de pasajeros.
5110;Transporte aéreo de pasajeros;0;Sin riesgo asociado al transporte aéreo de pasajeros.
5121;Transporte aéreo de mercancías;2;Riesgo bajo debido al transporte aéreo de mercancías, sin manipulación industrial compleja.
5121;Transporte aéreo de mercancías;2;Riesgo bajo debido al transporte aéreo de mercancías, sin manipulación industrial compleja.
5122;Transporte espacial;0;Sin riesgo asociado al transporte espacial.
5210;Depósito y almacenamiento;2;Riesgo bajo en depósito y almacenamiento, sin procesos industriales asociados.
5210;Depósito y almacenamiento;2;Riesgo bajo en depósito y almacenamiento, sin procesos industriales asociados.
5210;Depósito y almacenamiento;2;Riesgo bajo en depósito y almacenamiento, sin procesos industriales asociados.
5210;Depósito y almacenamiento;2;Riesgo bajo en depósito y almacenamiento, sin procesos industriales asociados.
5221;Actividades anexas al transporte terrestre;2;Riesgo bajo en actividades anexas al transporte terrestre, sin procesos industriales.
5221;Actividades anexas al transporte terrestre;2;Riesgo bajo en actividades anexas al transporte terrestre, sin procesos industriales.
5221;Actividades anexas al transporte terrestre;2;Riesgo bajo en actividades anexas al transporte terrestre, sin procesos industriales.
5221;Actividades anexas al transporte terrestre;2;Riesgo bajo en actividades anexas al transporte terrestre, sin procesos industriales.
5221;Actividades anexas al transporte terrestre;2;Riesgo bajo en actividades anexas al transporte terrestre, sin procesos industriales.
5221;Actividades anexas al transporte terrestre;2;Riesgo bajo en actividades anexas al transporte terrestre, sin procesos industriales.
5221;Actividades anexas al transporte terrestre;2;Riesgo bajo en actividades anexas al transporte terrestre, sin procesos industriales.
5221;Actividades anexas al transporte terrestre;2;Riesgo bajo en actividades anexas al transporte terrestre, sin procesos industriales.
5222;Actividades anexas al transporte marítimo y por vías navegables interiores;2;Riesgo bajo en actividades anexas al transporte marítimo, sin procesos industriales.
5222;Actividades anexas al transporte marítimo y por vías navegables interiores;2;Riesgo bajo en actividades anexas al transporte marítimo, sin procesos industriales.
5222;Actividades anexas al transporte marítimo y por vías navegables interiores;2;Sin procesos industriales, riesgo bajo asociado principalmente al transporte.
5223;Actividades anexas al transporte aéreo;2;Sin procesos industriales, riesgo bajo asociado principalmente al transporte.
5223;Actividades anexas al transporte aéreo;2;Sin procesos industriales, riesgo bajo asociado principalmente al transporte.
5224;Manipulación de mercancías;2;Manipulación de mercancías, riesgo bajo asociado a actividades logísticas.
5229;Otras actividades anexas al transporte;2;Actividades anexas al transporte, sin riesgo significativo de vertidos.
5310;Actividades postales sometidas a la obligación del servicio universal;0;Actividades postales, sin riesgo de vertidos.
5320;Otras actividades postales y de correos;0;Otras actividades postales, sin riesgo de vertidos.
5510;Hoteles y alojamientos similares;4;Hoteles pueden generar vertidos, riesgo medio-bajo relacionado con residuos.
5510;Hoteles y alojamientos similares;4;Hoteles pueden generar vertidos, riesgo medio-bajo relacionado con residuos.
5520;Alojamientos turísticos y otros alojamientos de corta estancia;4;Alojamientos turísticos pueden generar vertidos, riesgo medio-bajo.
5520;Alojamientos turísticos y otros alojamientos de corta estancia;4;Alojamientos turísticos pueden generar vertidos, riesgo medio-bajo.
5520;Alojamientos turísticos y otros alojamientos de corta estancia;4;Alojamientos turísticos pueden generar vertidos, riesgo medio-bajo.
5520;Alojamientos turísticos y otros alojamientos de corta estancia;4;Alojamientos turísticos pueden generar vertidos, riesgo medio-bajo.
5530;Campings;4;Campings pueden generar residuos, riesgo medio-bajo.
5530;Campings;4;Campings pueden generar residuos, riesgo medio-bajo.
5590;Otros alojamientos;4;Otros alojamientos pueden generar residuos, riesgo medio-bajo.
5590;Otros alojamientos;4;Otros alojamientos pueden generar residuos, riesgo medio-bajo.
5610;Restaurantes y puestos de comidas;6;Restaurantes generan residuos alimentarios, riesgo medio.
5621;Provisión de comidas preparadas para eventos;6;Provisión de comidas preparadas puede generar residuos, riesgo medio.
5629;Otros servicios de comidas;6;Otros servicios de comidas generan residuos, riesgo medio.
5629;Otros servicios de comidas;6;Otros servicios de comidas generan residuos, riesgo medio.
5630;Establecimientos de bebidas;4;Establecimientos de bebidas pueden generar residuos, riesgo medio-bajo.
5811;Edición de libros;0;Edición de libros, sin riesgo de vertidos.
5812;Edición de directorios y guías de direcciones postales;0;Edición de directorios, sin riesgo de vertidos.
5812;Edición de directorios y guías de direcciones postales;0;Edición de directorios, sin riesgo de vertidos.
5813;Edición de periódicos;0;Edición de periódicos, sin riesgo de vertidos.
5814;Edición de revistas;0;Edición de revistas, sin riesgo de vertidos.
5814;Edición de revistas;0;Edición de revistas, sin riesgo de vertidos.
5819;Otras actividades editoriales;0;Otras actividades editoriales, sin riesgo de vertidos.
5819;Otras actividades editoriales;0;Otras actividades editoriales, sin riesgo de vertidos.
5819;Otras actividades editoriales;0;Actividades editoriales sin riesgo de vertidos.
5821;Edición de videojuegos;0;Edición de videojuegos sin riesgo de vertidos.
5821;Edición de videojuegos;0;Edición de videojuegos sin riesgo de vertidos.
5829;Edición de otros programas informáticos;0;Edición de otros programas informáticos sin riesgo de vertidos.
5829;Edición de otros programas informáticos;0;Edición de otros programas informáticos sin riesgo de vertidos.
5912;Actividades de postproducción cinematográfica, de vídeo y de programas de televisión;0;Postproducción cinematográfica sin riesgo de vertidos.
5914;Actividades de exhibición cinematográfica;0;Exhibición cinematográfica sin riesgo de vertidos.
5915;Actividades de producción cinematográfica y de vídeo;0;Producción cinematográfica y de vídeo sin riesgo de vertidos.
5916;Actividades de producción de programas de televisión;0;Producción de programas de televisión sin riesgo de vertidos.
5917;Actividades de distribución cinematográfica y de vídeo;0;Distribución cinematográfica y de vídeo sin riesgo de vertidos.
5917;Actividades de distribución cinematográfica y de vídeo;0;Distribución cinematográfica y de vídeo sin riesgo de vertidos.
5918;Actividades de distribución de programas de televisión;0;Distribución de programas de televisión sin riesgo de vertidos.
5920;Actividades de grabación de sonido y edición musical;0;Grabación de sonido y edición musical sin riesgo de vertidos.
5920;Actividades de grabación de sonido y edición musical;0;Grabación de sonido y edición musical sin riesgo de vertidos.
5920;Actividades de grabación de sonido y edición musical;0;Grabación de sonido y edición musical sin riesgo de vertidos.
5920;Actividades de grabación de sonido y edición musical;0;Grabación de sonido y edición musical sin riesgo de vertidos.
5920;Actividades de grabación de sonido y edición musical;0;Grabación de sonido y edición musical sin riesgo de vertidos.
6010;Actividades de radiodifusión;0;Radiodifusión sin riesgo de vertidos.
6010;Actividades de radiodifusión;0;Radiodifusión sin riesgo de vertidos.
6010;Actividades de radiodifusión;0;Radiodifusión sin riesgo de vertidos.
6020;Actividades de programación y emisión de televisión;0;Programación y emisión de televisión sin riesgo de vertidos.
6020;Actividades de programación y emisión de televisión;0;Programación y emisión de televisión sin riesgo de vertidos.
6020;Actividades de programación y emisión de televisión;0;Programación y emisión de televisión sin riesgo de vertidos.
6110;Telecomunicaciones por cable;0;Telecomunicaciones por cable sin riesgo de vertidos.
6120;Telecomunicaciones inalámbricas;0;Telecomunicaciones inalámbricas sin riesgo de vertidos.
6130;Telecomunicaciones por satélite;0;Telecomunicaciones por satélite sin riesgo de vertidos.
6190;Otras actividades de telecomunicaciones;0;Otras actividades de telecomunicaciones sin riesgo de vertidos.
6201;Actividades de programación informática;0;Actividades de programación informática sin riesgo de vertidos.
6201;Actividades de programación informática;0;Actividades de programación informática sin riesgo de vertidos.
6202;Actividades de consultoría informática;0;Consultoría informática sin riesgo de vertidos.
6202;Actividades de consultoría informática;0;Actividades de consultoría informática no generan vertidos.
6203;Gestión de recursos informáticos;0;Gestión de recursos informáticos no genera vertidos.
6209;Otros servicios relacionados con las tecnologías de la información y la informática;0;Servicios relacionados con tecnologías de la información no generan vertidos.
6311;Proceso de datos, hosting y actividades relacionadas;0;Proceso de datos y hosting no generan vertidos.
6312;Portales web;0;Portales web no generan vertidos.
6391;Actividades de las agencias de noticias;0;Actividades de agencias de noticias no generan vertidos.
6399;Otros servicios de información n.c.o.p.;0;Otros servicios de información no generan vertidos.
6411;Banco central;0;Banco central no genera vertidos.
6419;Otra intermediación monetaria;0;Otra intermediación monetaria no genera vertidos.
6420;Actividades de las sociedades holding;0;Actividades de sociedades holding no generan vertidos.
6430;Inversión colectiva, fondos y entidades financieras similares;0;Inversión colectiva no genera vertidos.
6491;Arrendamiento financiero;0;Arrendamiento financiero no genera vertidos.
6492;Otras actividades crediticias;0;Otras actividades crediticias no generan vertidos.
6499;Otros servicios financieros, excepto seguros y fondos de pensiones n.c.o.p.;0;Otros servicios financieros no generan vertidos.
6511;Seguros de vida;0;Seguros de vida no generan vertidos.
6512;Seguros distintos de los seguros de vida;0;Seguros distintos de los seguros de vida no generan vertidos.
6520;Reaseguros;0;Reaseguros no generan vertidos.
6520;Reaseguros;0;Actividades relacionadas con reaseguros sin riesgo de vertidos.
6530;Fondos de pensiones;0;Fondos de pensiones sin riesgo de vertidos.
6611;Administración de mercados financieros;0;Administración de mercados financieros sin riesgo de vertidos.
6612;Actividades de intermediación en operaciones con valores y otros activos;0;Intermediación en operaciones con valores sin riesgo de vertidos.
6612;Actividades de intermediación en operaciones con valores y otros activos;0;Intermediación en operaciones con valores sin riesgo de vertidos.
6612;Actividades de intermediación en operaciones con valores y otros activos;0;Intermediación en operaciones con valores sin riesgo de vertidos.
6612;Actividades de intermediación en operaciones con valores y otros activos;0;Intermediación en operaciones con valores sin riesgo de vertidos.
6612;Actividades de intermediación en operaciones con valores y otros activos;0;Intermediación en operaciones con valores sin riesgo de vertidos.
6619;Otras actividades auxiliares a los servicios financieros, excepto seguros y fondos de pensiones;0;Otras actividades financieras sin riesgo de vertidos.
6621;Evaluación de riesgos y daños;0;Evaluación de riesgos sin riesgo de vertidos.
6622;Actividades de agentes y corredores de seguros;0;Actividades de corredores de seguros sin riesgo de vertidos.
6622;Actividades de agentes y corredores de seguros;0;Actividades de corredores de seguros sin riesgo de vertidos.
6629;Otras actividades auxiliares a seguros y fondos de pensiones;0;Otras actividades auxiliares sin riesgo de vertidos.
6630;Actividades de gestión de fondos;0;Gestión de fondos sin riesgo de vertidos.
6810;Compraventa de bienes inmobiliarios por cuenta propia;0;Compraventa de bienes inmobiliarios sin riesgo de vertidos.
6820;Alquiler de bienes inmobiliarios por cuenta propia;0;Alquiler de bienes inmobiliarios sin riesgo de vertidos.
6820;Alquiler de bienes inmobiliarios por cuenta propia;0;Alquiler de bienes inmobiliarios sin riesgo de vertidos.
6831;Agentes de la propiedad inmobiliaria;0;Agentes de la propiedad inmobiliaria sin riesgo de vertidos.
6832;Gestión y administración de la propiedad inmobiliaria;0;Gestión y administración inmobiliaria sin riesgo de vertidos.
6832;Gestión y administración de la propiedad inmobiliaria;0;Gestión y administración inmobiliaria sin riesgo de vertidos.
6910;Actividades jurídicas;0;Actividades jurídicas sin riesgo de vertidos.
6910;Actividades jurídicas;0;Actividades jurídicas sin riesgo de vertidos.
6910;Actividades jurídicas;0;Actividades jurídicas sin riesgo de vertidos.
6920;Actividades de contabilidad, teneduría de libros, auditoría y asesoría fiscal;0;Actividades de contabilidad sin riesgo de vertidos.
7010;Actividades de las sedes centrales;0;Actividades de sedes centrales sin riesgo de vertidos.
7021;Relaciones públicas y comunicación;0;Relaciones públicas sin riesgo de vertidos.
7022;Otras actividades de consultoría de gestión empresarial;0;Consultoría de gestión empresarial sin riesgo de vertidos.
7022;Otras actividades de consultoría de gestión empresarial;0;Consultoría de gestión empresarial sin riesgo de vertidos.
7111;Servicios técnicos de arquitectura;0;Servicios técnicos de arquitectura sin riesgo de vertidos.
7112;Servicios técnicos de ingeniería y otras actividades relacionadas con el asesoramiento técnico;0;Servicios técnicos de ingeniería sin riesgo de vertidos.
7112;Servicios técnicos de ingeniería y otras actividades relacionadas con el asesoramiento técnico;0;Servicios de asesoramiento técnico sin manipulación de sustancias peligrosas.
7112;Servicios técnicos de ingeniería y otras actividades relacionadas con el asesoramiento técnico;0;Servicios de asesoramiento técnico sin manipulación de sustancias peligrosas.
7120;Ensayos y análisis técnicos;0;Ensayos y análisis técnicos que no implican riesgo de vertidos.
7120;Ensayos y análisis técnicos;0;Ensayos y análisis técnicos que no implican riesgo de vertidos.
7211;Investigación y desarrollo experimental en biotecnología;0;Investigación y desarrollo en biotecnología sin riesgo significativo de vertidos.
7219;Otra investigación y desarrollo experimental en ciencias naturales y técnicas;0;Investigación y desarrollo en ciencias con bajo riesgo de vertidos.
7220;Investigación y desarrollo experimental en ciencias sociales y humanidades;0;Investigación en ciencias sociales sin riesgo de vertidos.
7220;Investigación y desarrollo experimental en ciencias sociales y humanidades;0;Investigación en ciencias sociales sin riesgo de vertidos.
7311;Agencias de publicidad;0;Agencias de publicidad que no generan vertidos.
7311;Agencias de publicidad;0;Agencias de publicidad que no generan vertidos.
7312;Servicios de representación de medios de comunicación;0;Servicios sin riesgo de vertidos por representación de medios.
7320;Estudios de mercado y realización de encuestas de opinión pública;0;Estudios de mercado que no producen vertidos.
7410;Actividades de diseño especializado;0;Actividades de diseño sin generación de residuos peligrosos.
7420;Actividades de fotografía;0;Fotografía sin riesgo de vertidos.
7420;Actividades de fotografía;0;Fotografía sin riesgo de vertidos.
7420;Actividades de fotografía;0;Fotografía sin riesgo de vertidos.
7430;Actividades de traducción e interpretación;0;Traducción e interpretación sin riesgo de vertidos.
7490;Otras actividades profesionales, científicas y técnicas n.c.o.p.;0;Actividades profesionales que no generan vertidos.
7490;Otras actividades profesionales, científicas y técnicas n.c.o.p.;0;Actividades profesionales que no generan vertidos.
7490;Otras actividades profesionales, científicas y técnicas n.c.o.p.;0;Actividades profesionales que no generan vertidos.
7490;Otras actividades profesionales, científicas y técnicas n.c.o.p.;0;Actividades profesionales que no generan vertidos.
7490;Otras actividades profesionales, científicas y técnicas n.c.o.p.;0;Actividades profesionales que no generan vertidos.
7500;Actividades veterinarias;0;Actividades veterinarias con bajo riesgo de vertidos.
7711;Alquiler de automóviles y vehículos de motor ligeros;0;Alquiler de vehículos sin riesgo de vertidos.
7712;Alquiler de camiones;0;Alquiler de camiones sin riesgo de vertidos.
7721;Alquiler de artículos de ocio y deportivos;0;Alquiler de artículos de ocio sin riesgo de vertidos.
7722;Alquiler de cintas de vídeo y discos;0;Alquiler de cintas y discos sin riesgo de vertidos.
7729;Alquiler de otros efectos personales y artículos de uso doméstico;0;Alquiler de artículos personales sin riesgo de vertidos.
7729;Alquiler de otros efectos personales y artículos de uso doméstico;0;Alquiler de artículos personales sin riesgo de vertidos.
7729;Alquiler de otros efectos personales y artículos de uso doméstico;0;Alquiler de artículos personales sin riesgo de vertidos.
7731;Alquiler de maquinaria y equipo de uso agrícola;0;Sin riesgo por ser alquiler de maquinaria agrícola.
7732;Alquiler de maquinaria y equipo para la construcción e ingeniería civil;0;Sin riesgo por ser alquiler de maquinaria de construcción.
7733;Alquiler de maquinaria y equipo de oficina, incluidos ordenadores;0;Sin riesgo por ser alquiler de equipo de oficina.
7734;Alquiler de medios de navegación;0;Sin riesgo por ser alquiler de medios de navegación.
7735;Alquiler de medios de transporte aéreo;0;Sin riesgo por ser alquiler de transporte aéreo.
7739;Alquiler de otra maquinaria, equipos y bienes tangibles n.c.o.p.;0;Sin riesgo por ser alquiler de maquinaria y equipos diversos.
7740;Arrendamiento de la propiedad intelectual y productos similares, excepto trabajos protegidos por los derechos de autor;0;Sin riesgo por ser arrendamiento de propiedad intelectual.
7810;Actividades de las agencias de colocación;0;Sin riesgo por ser actividades de colocación.
7820;Actividades de las empresas de trabajo temporal;0;Sin riesgo por ser actividades de trabajo temporal.
7830;Otra provisión de recursos humanos;0;Sin riesgo por ser provisión de recursos humanos.
7911;Actividades de las agencias de viajes;0;Sin riesgo por ser actividades de agencias de viajes.
7912;Actividades de los operadores turísticos;0;Sin riesgo por ser actividades de operadores turísticos.
7990;Otros servicios de reservas y actividades relacionadas con los mismos;0;Sin riesgo por ser otros servicios de reservas.
8010;Actividades de seguridad privada;0;Sin riesgo por ser actividades de seguridad privada.
8020;Servicios de sistemas de seguridad;0;Sin riesgo por ser servicios de sistemas de seguridad.
8030;Actividades de investigación;0;Sin riesgo por ser actividades de investigación.
8110;Servicios integrales a edificios e instalaciones;0;Sin riesgo por ser servicios integrales a edificios.
8121;Limpieza general de edificios;0;Sin riesgo por ser limpieza general de edificios.
8122;Otras actividades de limpieza industrial y de edificios;0;Sin riesgo por ser limpieza industrial y de edificios.
8129;Otras actividades de limpieza;0;Sin riesgo por ser otras actividades de limpieza.
8129;Otras actividades de limpieza;0;Actividades de limpieza sin manipulación de productos peligrosos.
8130;Actividades de jardinería;0;Actividades de jardinería generalmente sin riesgos de vertidos.
8211;Servicios administrativos combinados;0;Servicios administrativos sin riesgos relacionados con vertidos.
8219;Actividades de fotocopiado, preparación de documentos y otras actividades especializadas de oficina;0;Actividades de oficina sin manipulación de sustancias nocivas.
8220;Actividades de los centros de llamadas;0;Actividades vinculadas a centros de llamadas sin riesgo de vertidos.
8230;Organización de convenciones y ferias de muestras;0;Organización de eventos sin riesgo de vertidos industriales.
8291;Actividades de las agencias de cobros y de información comercial;0;Agencias de cobros sin actividades de riesgo de vertidos.
8292;Actividades de envasado y empaquetado;0;Actividades de envasado generalmente sin riesgos de vertidos.
8299;Otras actividades de apoyo a las empresas n.c.o.p.;0;Apoyo a empresas sin implicaciones de vertidos.
8411;Actividades generales de la Administración Pública;0;Actividades administrativas públicas sin riesgo de vertidos.
8412;Regulación de las actividades sanitarias, educativas y culturales y otros servicios sociales, excepto Seguridad Social;0;Regulación de servicios sin riesgo de vertidos industriales.
8413;Regulación de la actividad económica y contribución a su mayor eficiencia;0;Regulación económica sin riesgo de vertidos.
8421;Asuntos exteriores;0;Asuntos exteriores sin riesgo asociado a vertidos.
8422;Defensa;0;Defensa sin actividades potencialmente contaminantes.
8423;Justicia;0;Actividad judicial sin manipulación que cause vertidos.
8424;Orden público y seguridad;0;Actividades de orden público sin riesgos de vertidos.
8425;Protección civil;0;Protección civil sin exposición a vertidos industriales.
8430;Seguridad Social obligatoria;0;Actividades de seguridad social sin riesgo de vertidos.
8510;Educación preprimaria;0;Educación preprimaria sin riesgos de vertidos.
8520;Educación primaria;0;Educación primaria sin actividades potencialmente contaminantes.
8531;Educación secundaria general;0;Educación secundaria general sin riesgo de vertidos.
8532;Educación secundaria técnica y profesional;0;Educación secundaria técnica y profesional sin riesgo de vertidos.
8532;Educación secundaria técnica y profesional;0;Educación secundaria técnica y profesional sin riesgo de vertidos.
8532;Educación secundaria técnica y profesional;0;Educación secundaria técnica y profesional sin riesgo de vertidos.
8541;Educación postsecundaria no terciaria;0;Educación postsecundaria sin riesgo asociado a vertidos.
8543;Educación universitaria;0;Educación universitaria sin manipulación de materias peligrosas.
8544;Educación terciaria no universitaria;0;Educación terciaria no universitaria sin riesgo de vertidos industrial.
8551;Educación deportiva y recreativa;0;Educación deportiva y recreativa sin riesgos asociados.
8551;Educación deportiva y recreativa;0;Educación deportiva y recreativa sin riesgos asociados.
8552;Educación cultural;0;Educación cultural sin riesgo de vertidos.
8552;Educación cultural;0;Educación cultural sin riesgo de vertidos.
8552;Educación cultural;0;Educación cultural sin riesgo de vertidos.
8553;Actividades de las escuelas de conducción y pilotaje;0;Actividades de las escuelas de conducción sin manipulación de sustancias peligrosas.
8553;Actividades de las escuelas de conducción y pilotaje;0;Actividades de las escuelas de conducción sin manipulación de sustancias peligrosas.
8559;Otra educación n.c.o.p.;0;Otra educación sin riesgo de vertidos.
8559;Otra educación n.c.o.p.;0;Otra educación sin riesgo de vertidos.
8559;Otra educación n.c.o.p.;0;Otra educación sin riesgo de vertidos.
8560;Actividades auxiliares a la educación;0;Actividades auxiliares a la educación sin riesgos relacionados.
8610;Actividades hospitalarias;2;Actividades hospitalarias con posible riesgo bajo, aunque controlado.
8621;Actividades de medicina general;2;Actividades de medicina general con bajo riesgo de vertidos.
8622;Actividades de medicina especializada;2;Actividades de medicina especializada con bajo riesgo de vertidos.
8623;Actividades odontológicas;2;Actividades odontológicas con bajo riesgo de vertidos.
8690;Otras actividades sanitarias;2;Otras actividades sanitarias con bajo riesgo de vertidos.
8690;Otras actividades sanitarias;2;Otras actividades sanitarias con bajo riesgo de vertidos.
8690;Otras actividades sanitarias;2;Otras actividades sanitarias con bajo riesgo de vertidos.
8690;Otras actividades sanitarias;2;Otras actividades sanitarias con bajo riesgo de vertidos.
8710;Asistencia en establecimientos residenciales con cuidados sanitarios;2;Asistencia en establecimientos residenciales con cuidados sanitarios, riesgo bajo.
8710;Asistencia en establecimientos residenciales con cuidados sanitarios;2;Asistencia en establecimientos residenciales con cuidados sanitarios, riesgo bajo.
8720;Asistencia en establecimientos residenciales para personas con discapacidad intelectual, enfermedad mental y drogodependencia;2;Asistencia en residencias para personas con discapacidad, riesgo bajo.
8720;Asistencia en establecimientos residenciales para personas con discapacidad intelectual, enfermedad mental y drogodependencia;2;Asistencia en residencias para personas con discapacidad, riesgo bajo.
8720;Asistencia en establecimientos residenciales para personas con discapacidad intelectual, enfermedad mental y drogodependencia;2;Asistencia en residencias para personas con discapacidad, riesgo bajo.
8720;Asistencia en establecimientos residenciales para personas con discapacidad intelectual, enfermedad mental y drogodependencia;2;Asistencia en residencias para personas con discapacidad, riesgo bajo.
8731;Asistencia en establecimientos residenciales para personas mayores;2;Asistencia en residencias para personas mayores, con bajo riesgo.
8731;Asistencia en establecimientos residenciales para personas mayores;2;Asistencia en residencias para personas mayores, con bajo riesgo.
8732;Asistencia en establecimientos residenciales para personas con discapacidad  física;2;Asistencia en residencias para personas con discapacidad física, bajo riesgo.
8732;Asistencia en establecimientos residenciales para personas con discapacidad  física;0;Sin riesgo asociado a vertidos industriales.
8790;Otras actividades de asistencia en establecimientos residenciales;0;Sin riesgo asociado a vertidos industriales.
8790;Otras actividades de asistencia en establecimientos residenciales;0;Sin riesgo asociado a vertidos industriales.
8790;Otras actividades de asistencia en establecimientos residenciales;0;Sin riesgo asociado a vertidos industriales.
8811;Actividades de servicios sociales sin alojamiento para  personas mayores;0;Sin riesgo asociado a vertidos industriales.
8812;Actividades de servicios sociales sin alojamiento para  personas con discapacidad;0;Sin riesgo asociado a vertidos industriales.
8812;Actividades de servicios sociales sin alojamiento para  personas con discapacidad;0;Sin riesgo asociado a vertidos industriales.
8812;Actividades de servicios sociales sin alojamiento para  personas con discapacidad;0;Sin riesgo asociado a vertidos industriales.
8891;Actividades de cuidado diurno de niños;0;Sin riesgo asociado a vertidos industriales.
8899;Otras actividades de servicios sociales sin alojamiento n.c.o.p.;0;Sin riesgo asociado a vertidos industriales.
8899;Otras actividades de servicios sociales sin alojamiento n.c.o.p.;0;Sin riesgo asociado a vertidos industriales.
8899;Otras actividades de servicios sociales sin alojamiento n.c.o.p.;0;Sin riesgo asociado a vertidos industriales.
9001;Artes escénicas;0;Sin riesgo asociado a vertidos industriales.
9001;Artes escénicas;0;Sin riesgo asociado a vertidos industriales.
9001;Artes escénicas;0;Sin riesgo asociado a vertidos industriales.
9002;Actividades auxiliares a las artes escénicas;0;Sin riesgo asociado a vertidos industriales.
9002;Actividades auxiliares a las artes escénicas;0;Sin riesgo asociado a vertidos industriales.
9002;Actividades auxiliares a las artes escénicas;0;Sin riesgo asociado a vertidos industriales.
9003;Creación artística y literaria;0;Sin riesgo asociado a vertidos industriales.
9003;Creación artística y literaria;0;Sin riesgo asociado a vertidos industriales.
9004;Gestión de salas de espectáculos;0;Sin riesgo asociado a vertidos industriales.
9102;Actividades de museos;0;Sin riesgo asociado a vertidos industriales.
9103;Gestión de lugares y edificios históricos;0;Sin riesgo asociado a vertidos industriales.
9104;Actividades de los jardines botánicos, parques zoológicos y reservas naturales;0;Sin riesgo asociado a vertidos industriales.
9105;Actividades de bibliotecas;0;Sin riesgo asociado a vertidos industriales.
9106;Actividades archivos;0;Sin riesgo asociado a vertidos industriales.
9106;Actividades archivos;0;Sin riesgo asociado a vertidos industriales.
9200;Actividades de juegos de azar y apuestas;0;Sin riesgo asociado a vertidos industriales.
9200;Actividades de juegos de azar y apuestas;0;Sin riesgo asociado a vertidos industriales.
9200;Actividades de juegos de azar y apuestas;0;Sin riesgo asociado a vertidos industriales.
9311;Gestión de instalaciones deportivas;0;Actividades de gestión de instalaciones deportivas, sin riesgo de vertidos.
9311;Gestión de instalaciones deportivas;0;Actividades de gestión de instalaciones deportivas, sin riesgo de vertidos.
9312;Actividades de los clubes deportivos;0;Actividades de los clubes deportivos, sin riesgo de vertidos.
9313;Actividades de los gimnasios;0;Actividades de los gimnasios, sin riesgo de vertidos.
9313;Actividades de los gimnasios;0;Actividades de los gimnasios, sin riesgo de vertidos.
9313;Actividades de los gimnasios;0;Actividades de los gimnasios, sin riesgo de vertidos.
9319;Otras actividades deportivas;0;Otras actividades deportivas, sin riesgo de vertidos.
9321;Actividades de los parques de atracciones y los parques temáticos;0;Actividades de los parques de atracciones y los parques temáticos, sin riesgo de vertidos.
9329;Otras actividades recreativas y de entretenimiento;0;Otras actividades recreativas y de entretenimiento, sin riesgo de vertidos.
9329;Otras actividades recreativas y de entretenimiento;0;Otras actividades recreativas y de entretenimiento, sin riesgo de vertidos.
9329;Otras actividades recreativas y de entretenimiento;0;Otras actividades recreativas y de entretenimiento, sin riesgo de vertidos.
9329;Otras actividades recreativas y de entretenimiento;0;Otras actividades recreativas y de entretenimiento, sin riesgo de vertidos.
9329;Otras actividades recreativas y de entretenimiento;0;Otras actividades recreativas y de entretenimiento, sin riesgo de vertidos.
9329;Otras actividades recreativas y de entretenimiento;0;Otras actividades recreativas y de entretenimiento, sin riesgo de vertidos.
9411;Actividades de organizaciones empresariales y patronales;0;Actividades de organizaciones empresariales y patronales, sin riesgo de vertidos.
9412;Actividades de organizaciones profesionales;0;Actividades de organizaciones profesionales, sin riesgo de vertidos.
9420;Actividades sindicales;0;Actividades sindicales, sin riesgo de vertidos.
9491;Actividades de organizaciones religiosas;0;Actividades de organizaciones religiosas, sin riesgo de vertidos.
9492;Actividades de organizaciones políticas;0;Actividades de organizaciones políticas, sin riesgo de vertidos.
9499;Otras actividades asociativas n.c.o.p.;0;Otras actividades asociativas n.c.o.p., sin riesgo de vertidos.
9499;Otras actividades asociativas n.c.o.p.;0;Otras actividades asociativas n.c.o.p., sin riesgo de vertidos.
9511;Reparación de ordenadores y equipos periféricos;0;Reparación de ordenadores y equipos periféricos, sin riesgo de vertidos.
9512;Reparación de equipos de comunicación;0;Reparación de equipos de comunicación, sin riesgo de vertidos.
9512;Reparación de equipos de comunicación;0;Reparación de equipos de comunicación, sin riesgo de vertidos.
9512;Reparación de equipos de comunicación;0;Reparación de equipos de comunicación, sin riesgo de vertidos.
9512;Reparación de equipos de comunicación;0;Reparación de equipos de comunicación, sin riesgo de vertidos.
9521;Reparación de aparatos electrónicos de audio y vídeo de uso doméstico;0;Reparación de aparatos electrónicos de audio y vídeo de uso doméstico, sin riesgo de vertidos.
9522;Reparación de aparatos electrodomésticos y de equipos para el hogar y el jardín;0;Reparación de aparatos electrodomésticos y de equipos para el hogar y el jardín, sin riesgo de vertidos.
9523;Reparación de calzado y artículos de cuero;0;Reparación de calzado y artículos de cuero, sin riesgo de vertidos.
9523;Reparación de calzado y artículos de cuero;0;Reparación de calzado y artículos de cuero, sin riesgo de vertidos.
9524;Reparación de muebles y artículos de menaje;0;La reparación de muebles y artículos de menaje no implica actividades que generen vertidos industriales.
9524;Reparación de muebles y artículos de menaje;0;La reparación de muebles y artículos de menaje no implica actividades que generen vertidos industriales.
9524;Reparación de muebles y artículos de menaje;0;La reparación de muebles y artículos de menaje no implica actividades que generen vertidos industriales.
9525;Reparación de relojes y joyería;0;La reparación de relojes y joyería no genera vertidos industriales.
9529;Reparación de otros efectos personales y artículos de uso doméstico;0;La reparación de efectos personales y artículos domésticos no implica actividad industrial generadora de vertidos.
9529;Reparación de otros efectos personales y artículos de uso doméstico;0;La reparación de efectos personales y artículos domésticos no implica actividad industrial generadora de vertidos.
9529;Reparación de otros efectos personales y artículos de uso doméstico;0;La reparación de efectos personales y artículos domésticos no implica actividad industrial generadora de vertidos.
9601;Lavado y limpieza de prendas textiles y de piel;2;El lavado y limpieza de prendas textiles puede generar residuos, pero generalmente son de bajo impacto.
9602;Peluquería y otros tratamientos de belleza;2;La peluquería y tratamientos de belleza pueden generar residuos, pero son de bajo riesgo.
9603;Pompas fúnebres y actividades relacionadas;0;Las actividades funerarias no generan vertidos industriales.
9604;Actividades de mantenimiento físico;0;Las actividades de mantenimiento físico no generan vertidos industriales significativos.
9604;Actividades de mantenimiento físico;0;Las actividades de mantenimiento físico no generan vertidos industriales significativos.
9609;Otros servicios personales n.c.o.p.;0;Otros servicios personales no generan vertidos industriales.
9609;Otros servicios personales n.c.o.p.;0;Otros servicios personales no generan vertidos industriales.
9700;Actividades de los hogares como empleadores de personal doméstico;0;Las actividades de los hogares como empleadores no generan vertidos industriales.
9900;Actividades de organizaciones y organismos extraterritoriales;0;Actividades de organismos extraterritoriales no generan vertidos industriales.
